col0,col1,col2,col3,col4,col5,col6,col7,col8,is_centroid,
8.49320,29.67922,7.38415,3.75525,34.11300,6.82442,45.33792,44.12862,49.24699,0,
12.25076,35.75648,39.66801,36.05844,35.78210,21.44634,27.69446,24.11079,37.37310,0,
22.55615,3.12040,32.00034,34.58706,0.48509,2.23483,26.17961,40.48934,29.10206,0,
47.24081,25.87339,14.93713,41.57806,1.03546,38.08893,18.67439,27.40973,2.06240,0,
47.34231,47.06718,32.59534,35.28823,7.05887,4.12338,6.34683,12.49656,42.21565,0,
2.24662,47.01726,2.12434,25.10804,41.72421,36.08304,45.23302,48.79445,10.01983,0,
16.76807,8.83142,36.67598,43.61933,24.72687,8.66295,18.21583,28.86357,10.52054,0,
33.95690,10.96013,3.92458,13.67172,43.10720,4.95489,6.18620,30.27937,22.70843,0,
12.57506,0.43534,42.44029,6.44655,43.55318,34.63657,42.38628,7.53324,17.11727,0,
23.38929,11.85399,38.80649,46.65854,48.72153,18.14995,14.18608,42.32803,42.69636,0,
25.06664,34.45308,32.41697,22.92968,7.57005,47.71008,35.01491,48.93156,5.28895,0,
26.71848,39.15448,43.61005,45.00111,8.38435,2.31516,47.74120,28.97753,33.78320,0,
6.51694,11.37215,21.75526,47.17213,1.49760,1.44053,10.93749,20.14204,45.81204,0,
16.86725,7.71625,34.82882,19.45207,45.68918,32.12727,5.17151,49.43065,9.88749,0,
11.31419,47.96230,8.21660,43.97223,4.60228,34.74775,27.29904,17.71999,34.73253,0,
1.78523,23.85739,11.37543,4.65622,5.08133,12.26274,18.46807,46.82620,11.03675,0,
30.73009,8.67224,39.42350,48.93809,29.38317,33.38207,1.92353,45.07282,36.46258,0,
8.38382,28.21548,1.28723,22.75358,6.84295,21.13362,24.68261,10.77545,16.71217,0,
49.00216,2.63154,29.65619,2.61432,20.54737,46.70702,40.79857,45.40750,34.71529,0,
39.14594,2.55628,0.60795,45.26847,48.20368,11.58901,38.88033,28.37116,37.93612,0,
12.77469,27.61651,40.64406,12.95112,1.41712,34.15139,14.64770,40.37058,3.58049,0,
21.73231,44.96328,30.09269,20.18842,30.58224,26.37676,20.55244,28.18219,10.45292,0,
48.70195,41.70829,1.19241,26.54746,29.96711,36.89171,48.55418,37.07955,33.62769,0,
3.31908,4.92202,7.31765,8.14751,8.26894,12.39111,25.14824,28.01498,33.30413,0,
16.51069,23.85164,22.50368,14.09286,24.12943,48.28891,30.70804,36.13633,25.20853,0,
9.45686,48.22717,44.09982,36.04963,40.28599,45.71490,32.32617,18.36809,4.34842,0,
0.59396,25.52734,15.10594,27.63856,18.11376,27.86705,17.24611,33.57557,38.79414,0,
18.12741,32.32054,6.81989,36.00835,43.55163,28.33360,29.03378,10.29976,20.39658,0,
19.95263,11.36556,1.79568,36.23894,42.74279,14.62496,19.81669,6.04978,33.17409,0,
15.24581,38.05464,27.80127,14.08057,29.84620,9.26563,46.36091,48.47361,27.45955,0,
8.59155,11.52954,3.85911,25.05428,41.38132,13.03540,17.94315,18.16793,19.75821,0,
17.55923,40.37671,44.01928,1.12736,34.34452,12.83875,21.55482,38.04786,4.37090,0,
0.51113,28.22001,20.51703,4.58898,35.77544,15.11337,26.93812,2.71490,8.98434,0,
8.05761,26.34011,37.46804,2.51537,26.87073,9.21691,29.04091,12.22231,31.00846,0,
7.05007,16.48083,23.64904,36.19463,14.87074,42.31101,8.56875,48.33226,44.75250,0,
30.42669,17.15042,27.77382,20.63820,33.09296,39.76259,27.03751,0.66679,29.65723,0,
19.56895,33.59394,28.33387,10.10608,4.99307,5.00085,19.03910,29.22797,45.20458,0,
39.85879,14.64294,21.00424,32.02212,22.77408,23.46331,17.18247,18.63787,7.51799,0,
0.75353,34.48812,41.83092,15.05798,7.48119,31.26796,1.09605,40.48538,20.21484,0,
10.51612,21.46318,22.33446,35.35109,48.87924,26.16530,25.37786,38.77354,31.09720,0,
34.04532,24.20454,41.07481,13.27779,42.89101,42.57096,34.62404,42.11269,24.12481,0,
44.53426,11.68474,31.12750,37.39737,43.60422,42.76914,38.17490,25.49330,16.29592,0,
38.17517,5.45622,46.05751,45.26567,12.12639,27.46786,2.56963,33.71321,26.88320,0,
5.20831,17.22700,9.48011,3.98247,28.81182,8.35244,22.53234,18.80958,41.34662,0,
30.06645,47.70689,44.24286,46.38937,29.35914,32.67680,21.22927,4.69554,6.25106,0,
7.89793,20.53084,21.45068,30.79608,24.11741,41.54241,6.33416,11.29064,24.34945,0,
12.80893,26.03249,23.88417,32.93135,31.10648,9.12493,10.79970,14.42841,32.68615,0,
2.82387,12.17421,9.17998,35.86789,44.14161,45.47347,25.73737,12.35931,43.82554,0,
7.87498,12.79379,30.10859,41.01179,22.91899,44.08220,5.22917,31.61333,21.90854,0,
48.79537,10.77102,30.96263,45.71697,34.86085,22.89956,31.06660,4.26618,10.17185,0,
36.78734,23.94920,26.64916,39.84091,33.02059,28.36384,17.16150,17.24151,6.08017,0,
38.98022,35.71165,28.92860,14.05496,7.65219,31.95294,34.76631,4.66083,28.23125,0,
32.42368,43.88438,28.80150,0.80741,12.26476,0.16533,24.18356,3.57834,1.56036,0,
38.08860,15.93342,31.03920,19.63859,37.11884,3.45309,16.26343,18.61922,30.49098,0,
30.88218,11.73120,49.68924,16.09932,22.65964,3.63897,0.36690,46.68190,23.81490,0,
35.57985,14.84443,43.00250,17.51425,31.76708,26.52136,1.64739,44.02308,18.94007,0,
36.93186,46.17500,2.34770,8.11928,48.49823,25.13672,7.07442,49.01376,49.34275,0,
6.01336,48.94208,38.36132,0.40101,16.10871,0.85200,3.86985,32.01536,10.62200,0,
35.64086,18.06255,30.30331,10.51381,41.01938,3.93858,31.42492,42.95184,8.60788,0,
3.18700,2.58808,17.27469,15.35748,33.19985,3.80645,28.94338,20.88143,8.91877,0,
8.37094,3.65727,4.37444,47.64673,9.44109,6.90288,24.17717,40.66567,49.09681,0,
36.18498,35.49963,43.00817,4.32106,24.90802,8.62799,9.94777,47.80278,14.27183,0,
9.26975,25.31469,7.64907,3.87450,15.54810,31.66356,38.60678,29.97101,25.37319,0,
46.53004,6.15285,40.98328,12.06743,15.90249,17.53643,28.59646,16.05225,24.85991,0,
38.35023,3.38113,44.60184,25.84087,30.73081,48.76558,22.27701,10.22033,44.16426,0,
36.07909,13.01396,16.78143,29.84845,48.89487,18.60917,41.81467,22.42887,6.25092,0,
23.08323,39.56751,41.30426,31.02990,14.77883,20.38555,5.78229,32.39646,8.26927,0,
47.07614,33.16630,1.22921,13.48023,6.59226,20.19783,14.65353,8.94651,17.90585,0,
37.97506,26.37940,34.21098,48.24460,32.82738,38.60474,29.48559,12.85282,37.62028,0,
9.45790,25.90456,40.74244,31.80307,11.77211,22.84265,13.51744,35.38524,16.75487,0,
36.08264,16.99134,43.18512,16.70406,21.80557,4.13032,5.16636,27.36138,35.63923,0,
2.04385,12.19427,4.94956,3.06743,0.10822,2.78070,3.36928,46.83630,2.50814,0,
34.58156,2.69013,37.86250,31.75507,16.92037,38.65732,6.94997,15.31933,16.57399,0,
3.99349,8.85204,12.71345,19.38456,0.56011,25.04574,1.36439,36.91317,5.13700,0,
4.71618,38.79060,46.36604,17.84988,4.16177,5.98983,23.93280,30.78243,16.69645,0,
34.39237,49.57478,44.64294,16.79958,10.92039,2.79599,15.43139,24.91398,8.95179,0,
28.26649,44.90804,48.43991,47.19146,34.10978,22.89003,16.79896,46.98195,7.84121,0,
22.85350,37.59664,8.85032,46.88144,29.20354,32.76553,1.96854,48.57514,2.55595,0,
43.97615,47.01898,48.85330,1.13882,40.76888,5.78796,4.86104,36.12829,34.67567,0,
27.36915,37.25117,20.31353,14.39394,21.08733,18.96913,18.28642,42.74384,15.74094,0,
31.97730,4.34086,29.59145,33.10335,7.44655,5.63489,47.25278,23.39243,33.69684,0,
46.67396,45.97635,19.89098,43.38112,31.31235,5.92632,48.89469,23.39468,35.28296,0,
44.30473,11.51483,28.28255,25.04056,7.81982,44.93721,18.73425,20.00369,10.81775,0,
37.54878,21.32158,30.36576,37.94671,1.05164,41.42410,3.99749,6.93347,35.31333,0,
41.72240,1.99423,5.19740,5.62194,19.80860,8.31996,43.16193,43.93285,12.60069,0,
9.62147,14.24482,23.37109,0.20014,24.23399,36.72554,5.29569,46.78942,28.04270,0,
26.88646,48.15757,20.05405,23.45115,24.11783,0.54719,7.87610,33.31475,23.93412,0,
19.71912,4.83002,33.08860,30.00722,41.70533,14.69071,42.31211,34.06998,10.75625,0,
45.91154,21.01642,24.21034,27.13260,23.81035,9.99092,11.15066,30.16911,40.59587,0,
24.12583,19.77246,25.93136,41.88117,1.27469,12.66575,40.37430,32.59492,24.39311,0,
14.56187,39.14749,46.18182,39.66943,28.39387,42.58604,27.91771,38.48790,46.78640,0,
45.72626,20.10903,34.67662,37.33303,22.88381,40.29066,25.77465,2.38358,45.51855,0,
18.55031,17.71128,48.63248,48.94460,13.67001,10.79629,1.48881,22.93691,31.80122,0,
31.12214,11.56858,24.48716,19.31202,25.30303,2.12217,48.92837,37.30588,47.81624,0,
19.10006,41.04403,15.82036,32.21278,33.18652,18.60727,17.10789,30.23631,38.33006,0,
26.52634,46.05392,15.39510,3.86879,25.04719,40.47126,24.08252,0.79912,36.70256,0,
0.03237,33.01069,10.16427,49.28062,46.48205,0.15444,20.66051,35.36929,38.03207,0,
3.86134,28.05894,42.68097,34.75834,37.08435,15.74298,24.42597,11.87899,13.84427,0,
43.20965,22.09919,0.33155,12.42346,17.35073,27.74818,11.10082,37.18303,29.06147,0,
31.72851,29.22486,36.78337,42.93930,5.97453,47.64243,26.35091,9.06171,46.04342,0,
47.07043,11.80185,32.07928,6.76804,10.76458,35.04594,15.76779,21.39377,22.61288,0,
45.43491,12.72394,47.99942,33.34288,11.20638,41.08648,44.14713,18.78029,36.56454,0,
39.83621,35.96137,39.88926,25.00050,15.63800,37.11257,43.11791,7.46210,33.84508,0,
41.77253,28.99729,37.25743,32.61319,13.25624,22.75343,31.33365,19.61033,38.17780,0,
36.21901,30.20355,10.30319,34.10545,28.59109,19.30075,13.66631,42.32581,19.36536,0,
7.52936,19.93893,44.91739,27.44493,39.13568,29.43864,28.15321,46.89215,32.62242,0,
10.42266,14.18118,0.49111,17.85257,30.09507,23.06134,28.49170,34.39930,32.99521,0,
35.20398,12.06194,10.64237,37.36194,25.13783,8.65004,43.88437,32.19585,6.15628,0,
46.96335,18.76315,19.66437,49.62263,36.03711,38.76725,22.24716,5.52217,22.27419,0,
32.08747,0.19258,7.99755,15.40203,26.78963,6.72392,5.00346,38.69802,37.48520,0,
23.72197,0.82587,37.02486,43.38359,46.90454,13.91415,36.94893,4.57809,7.12564,0,
45.03075,36.04849,18.35438,27.13360,35.14918,2.02344,6.42117,20.65074,26.91724,0,
28.30705,47.50152,10.09748,21.26956,13.78258,10.51554,22.82804,27.89366,4.51528,0,
47.76373,10.79223,33.73607,43.95472,27.32954,29.38447,47.54525,33.72359,22.81099,0,
34.86076,8.68592,46.50491,34.24632,28.29151,32.86358,22.95764,30.13805,0.62977,0,
10.84679,47.74218,0.89017,32.49079,47.78167,39.70531,28.17343,29.60832,21.81923,0,
1.15419,19.78746,41.40420,44.57921,30.02703,31.25293,40.41422,29.88983,30.26772,0,
5.42558,40.68165,20.93267,20.44770,49.22558,11.57617,14.82526,32.08273,38.71599,0,
7.41236,22.07501,18.46099,11.76754,33.55754,8.94393,35.55790,3.36136,9.48651,0,
46.98525,9.28283,35.13842,15.41520,49.89711,45.82605,16.58507,6.96735,12.88904,0,
8.15378,48.90722,17.27165,33.80158,17.84490,36.60928,27.80282,3.76478,42.59605,0,
35.60572,26.56338,14.00611,6.56896,12.14329,6.62085,33.38975,19.39620,34.24971,0,
6.80389,44.55131,22.98836,23.56013,40.55348,37.15396,11.76929,37.78466,13.14572,0,
9.05459,24.89357,41.91087,29.82198,34.54916,23.77324,16.94281,44.19190,4.79145,0,
11.89196,39.82720,34.22208,14.62857,25.42065,15.38206,26.16515,13.97033,20.99623,0,
9.53136,27.39525,31.41434,25.03296,47.66864,16.25166,6.07909,45.67025,8.01764,0,
16.47406,38.01540,35.66632,23.57773,29.57682,16.12487,22.18283,18.72071,12.25153,0,
26.93204,8.05871,30.85178,24.50470,13.61012,24.30606,33.59156,13.15397,2.63890,0,
3.37281,4.05200,4.53417,16.17654,36.50976,26.31997,3.40801,8.23139,46.08059,0,
35.28648,15.11954,24.28413,18.51251,3.79376,24.20562,33.40522,17.25221,41.99835,0,
30.17274,4.16294,0.91535,30.23027,0.96801,41.74883,24.82565,29.62184,49.78237,0,
4.25097,0.50571,37.00456,37.38652,18.19834,4.92274,4.87314,44.96709,1.03584,0,
8.06777,3.29183,49.14022,27.86545,29.28463,20.11511,16.18580,37.26448,31.68140,0,
30.24767,33.48344,40.82780,29.36138,35.44932,16.57267,14.30333,14.83188,23.74305,0,
7.44798,20.98222,31.83182,41.96403,33.44242,19.65509,30.91256,18.69719,27.06206,0,
40.60920,15.48424,4.00704,1.77245,41.23360,38.32825,34.49244,42.91609,1.87243,0,
41.69539,42.77433,18.50610,0.25528,23.08765,12.35463,25.20788,40.43030,5.10113,0,
0.23171,18.86339,22.91194,13.89046,14.56796,24.84948,7.26468,47.94052,0.07169,0,
7.54828,8.81712,27.73819,23.56014,13.08821,0.35868,27.42860,37.09219,30.28408,0,
1.20656,20.33884,32.26126,10.01921,43.29133,22.55509,36.79532,49.68465,42.19766,0,
7.19810,44.13966,30.84913,31.16607,26.70945,13.56049,21.48423,44.04248,8.44625,0,
36.91599,29.16306,19.92553,16.29133,23.50784,24.63182,37.23699,18.80858,37.24543,0,
36.25805,44.34228,27.64006,6.61407,35.72171,43.12059,46.31011,11.97472,21.53758,0,
31.13926,41.71625,28.84175,47.13303,26.89126,6.68732,37.92515,13.70941,28.75710,0,
43.04815,44.17121,26.14649,22.26084,27.68878,1.54535,25.26979,49.67611,41.46443,0,
49.12002,31.84403,45.25892,15.91309,9.22185,16.31019,15.35500,0.13165,7.21043,0,
38.92834,11.06612,44.45082,33.11536,15.56850,44.45687,19.84607,6.79664,6.40483,0,
25.61739,8.93238,39.58114,6.74861,9.10149,23.79514,3.42608,44.35268,15.20379,0,
8.74456,6.48634,35.92076,23.85148,22.13827,27.14068,4.10879,4.08047,47.95770,0,
21.04540,44.50093,49.89319,21.10880,22.75445,38.98704,44.71859,4.36183,48.63341,0,
49.15457,32.02376,39.29982,12.35619,38.38399,31.64940,4.77237,47.67710,37.24930,0,
20.46218,36.60026,34.20504,40.35385,30.56043,36.40207,31.66745,41.75729,39.05968,0,
20.86699,29.81589,44.21788,4.28480,33.66350,38.32744,11.55948,0.76822,41.91095,0,
40.93137,31.12206,19.10266,11.75441,21.14820,38.24179,47.16272,29.48661,33.59438,0,
42.08381,13.58334,18.68162,48.50254,25.68013,49.32052,27.76794,19.83754,42.98380,0,
12.12848,31.23236,48.80606,32.84524,32.42723,16.07066,40.88720,1.51794,19.38324,0,
8.10169,22.42559,43.42799,14.82188,30.45893,43.13054,44.94318,32.91591,10.59298,0,
20.61131,36.81112,11.16217,8.53129,3.82684,11.37800,18.52995,14.23747,37.98108,0,
28.69781,2.89856,23.96733,5.12967,39.68397,47.74532,2.23198,2.50511,49.24998,0,
49.39343,3.00783,40.44220,14.09036,45.20271,49.45639,44.12337,37.85746,48.44627,0,
39.56918,39.42855,43.18541,22.65325,12.05350,41.37432,39.82778,24.69865,35.42189,0,
22.19486,15.44701,33.92194,17.44982,30.49726,22.80806,8.52512,17.32910,48.31932,0,
35.77907,49.85027,48.13385,25.51926,29.49659,33.29439,20.49753,30.94717,2.26296,0,
0.65480,1.44093,14.23643,6.51169,33.92273,28.38321,3.95727,17.12608,45.85639,0,
29.31196,40.73898,4.46414,48.75645,10.07120,14.30628,33.34736,33.89885,37.38351,0,
42.37668,31.41911,45.03424,20.26990,17.85643,16.87962,47.10812,34.78322,2.14688,0,
17.69421,17.77750,27.24683,15.00157,26.62015,30.68117,27.25553,5.84510,46.05514,0,
8.86967,44.34323,45.26764,37.18883,16.22397,38.93628,17.88137,9.47691,16.51193,0,
46.28232,47.11534,38.70773,10.47253,12.55682,45.45843,3.75201,17.34129,43.18486,0,
40.99549,27.17973,6.64718,36.64379,38.57320,25.82216,31.41672,41.61231,29.14129,0,
20.94856,13.79670,45.13258,15.79483,17.45533,12.46195,16.74845,34.49761,1.84006,0,
38.50838,11.34207,40.71132,12.02018,37.05761,47.33003,31.09969,8.91186,7.44913,0,
14.28124,5.46996,32.36007,3.30227,41.96740,2.38430,35.86722,43.66574,16.17537,0,
47.69408,23.11034,36.79798,30.50613,36.41766,13.13782,23.10254,5.11728,4.16948,0,
28.40738,46.90332,2.16515,49.43354,37.52121,41.90665,38.79247,44.02137,6.70015,0,
29.73972,31.76891,31.66877,39.46626,49.76613,46.16464,30.39698,41.28019,41.26029,0,
11.93707,19.09727,31.71839,8.39485,5.92480,5.33893,21.96990,11.75287,11.16889,0,
48.89244,1.93620,15.66798,23.94495,22.39539,20.50571,30.11135,23.97830,0.43277,0,
3.43689,39.06262,44.62555,5.68995,35.87769,34.32789,7.04087,34.69344,10.86587,0,
19.01310,33.90669,26.68355,46.44465,11.06389,46.32621,26.00398,4.15925,36.43672,0,
38.96794,12.91145,35.31339,45.56277,29.75079,3.85351,39.15751,2.56351,12.85822,0,
16.59730,42.71624,16.11804,35.15986,49.41673,25.42467,34.64388,0.53902,33.80400,0,
16.85048,46.73474,36.16755,0.58086,11.93223,30.64594,4.46800,14.52334,17.80573,0,
21.58978,38.79507,39.36338,27.87846,21.65266,48.44125,32.07827,2.30617,15.58529,0,
39.79843,48.47698,23.99548,27.01972,32.68618,37.64064,8.59517,25.38761,30.49623,0,
17.02858,18.01656,49.37933,22.80147,45.98155,41.95037,26.80022,10.47773,29.26908,0,
9.42640,21.56510,35.54285,4.86387,16.36634,6.44642,35.52030,13.59511,0.16670,0,
36.82082,36.05915,0.93920,24.83236,27.86329,15.90529,9.21439,36.18193,24.74042,0,
17.92281,48.07453,25.32553,44.99451,26.28969,7.44084,0.78721,1.08437,21.66582,0,
36.02075,38.28223,1.74962,35.41362,38.89547,40.21392,42.93359,44.91147,46.75929,0,
11.06800,38.40009,38.17488,46.36306,36.32660,8.41245,24.37530,37.03796,8.65307,0,
48.97079,47.97267,13.89930,13.08650,4.58165,23.98402,47.85062,32.85362,45.40972,0,
6.50481,45.03642,22.94264,0.68317,24.60153,26.92928,13.53428,28.82152,26.20097,0,
3.82496,5.91975,49.45825,17.29942,31.02496,34.36879,8.83074,15.49508,15.17487,0,
1.87975,5.07594,42.87185,16.55213,23.40190,16.74421,12.15481,2.21185,17.61534,0,
44.05606,3.78679,49.35736,44.21647,42.08093,21.66562,0.99693,47.98076,1.01755,0,
34.74958,49.81313,42.51867,49.61555,27.74530,39.68546,34.21681,23.53270,27.86703,0,
9.69704,33.13608,1.83253,12.18547,18.37350,27.50847,25.21730,2.83619,41.33825,0,
9.32362,48.93739,32.22728,35.54446,32.81767,0.64038,24.70798,25.38153,46.33944,0,
19.78529,33.31929,49.31404,7.78224,38.23959,12.15309,15.54685,25.83514,30.41614,0,
14.83056,3.22355,39.96184,31.19423,42.52514,43.48274,2.82097,2.52128,18.63043,0,
41.31778,33.18002,19.54427,25.84111,6.85511,2.58833,41.83987,14.05674,34.51346,0,
44.41210,34.04490,27.15568,31.21137,0.18899,2.66133,45.44182,43.94698,26.53458,0,
14.55053,32.02936,41.24484,23.13462,21.49047,13.58429,4.65351,24.14257,24.27248,0,
22.28277,23.07370,38.43169,22.84418,38.73327,15.80007,38.32144,6.76010,18.43397,0,
34.29395,28.75200,2.99607,24.38483,6.42741,13.23128,46.58208,49.39148,27.76924,0,
25.83622,11.05418,37.07783,26.93402,37.00795,9.49081,46.03175,17.21342,42.93443,0,
43.09865,6.29834,1.39275,35.69491,0.47155,32.06213,43.33484,23.83454,13.47902,0,
24.54100,8.65667,48.20161,31.90956,42.63592,20.67152,30.92268,26.62490,31.79304,0,
40.87532,16.32254,0.69290,22.11465,30.58470,21.80622,48.67717,37.34760,20.13256,0,
45.93897,36.28111,27.47635,22.68094,29.89565,2.14294,31.64503,29.38227,40.51736,0,
0.04372,15.44921,25.28729,47.43163,29.05055,36.98558,47.04502,17.79029,40.07671,0,
29.36025,26.39020,33.53499,41.18332,36.27366,20.20948,14.64001,34.71150,5.97614,0,
22.74119,28.53368,5.29120,6.37625,49.41370,7.23432,36.14516,10.91866,4.12786,0,
12.96460,3.44190,19.87502,29.42249,44.53924,44.17743,46.80849,39.57890,38.53894,0,
46.65655,40.39454,45.40616,8.43702,26.01595,15.96094,41.25844,13.06952,22.96901,0,
21.20538,42.87143,28.90664,26.22832,15.85340,36.47437,23.24853,31.62242,24.64499,0,
28.96542,35.34453,6.25260,18.07354,18.06537,10.22149,40.71223,29.37883,24.40485,0,
42.52764,18.15782,12.57835,36.05737,42.92503,4.09702,15.31647,26.25102,41.39620,0,
0.18201,41.48455,43.92260,49.66299,38.32962,23.08171,5.57830,23.84256,40.75920,0,
14.70374,30.07508,15.17344,27.05860,49.44196,25.35517,45.13987,33.46804,6.96021,0,
36.49987,35.11004,27.52398,30.26687,6.53872,29.91720,22.76318,41.86944,5.74871,0,
37.38428,3.30907,9.82863,8.07388,15.08250,18.67431,29.94125,49.84583,43.39971,0,
42.46139,49.66477,32.42917,0.47992,35.73961,43.66737,9.83074,43.77671,2.02594,0,
46.35646,38.65244,34.03490,10.67519,3.74230,36.73384,40.86311,20.62406,9.79982,0,
28.33807,9.06350,47.46614,40.35804,14.59675,6.51201,43.08993,46.91431,7.72735,0,
4.68732,44.95333,45.22688,45.78074,32.49973,14.55988,43.00565,19.43902,33.29333,0,
34.87095,15.18100,4.22872,28.05813,37.49509,43.99945,32.92153,26.18004,39.63327,0,
41.98899,8.97442,13.65173,1.25954,36.01945,37.98524,36.63041,10.26466,43.01691,0,
36.47647,43.63919,37.80067,45.35777,5.70096,29.94032,8.06731,26.45268,27.71365,0,
36.38240,19.53448,41.44350,26.93845,12.67560,43.82550,17.31636,8.91966,39.67745,0,
41.82793,17.50653,37.62412,44.60971,46.45199,23.76614,10.43939,43.64845,32.10431,0,
38.61159,32.95819,22.94701,27.56508,29.49377,25.18261,0.32178,44.61657,16.36195,0,
42.51579,14.69351,36.19875,0.05272,17.28714,8.12630,15.67008,15.37958,21.36310,0,
13.06196,30.66010,14.61188,26.68604,38.16096,40.86220,41.03286,11.33375,22.06424,0,
11.38707,30.73339,33.80432,47.98999,28.52656,42.06166,16.56537,7.07368,4.86756,0,
37.12606,6.79410,49.77048,9.19789,26.04343,37.99913,42.29818,26.00508,27.64668,0,
46.78880,32.22405,5.09176,44.81222,24.48710,26.29676,18.80836,3.54905,34.63216,0,
23.19810,34.75939,3.99416,44.41919,13.39694,31.26139,42.30801,2.90330,13.47346,0,
20.14007,38.44757,25.66132,15.36358,7.67645,44.05937,23.07145,33.35728,47.36921,0,
33.56384,19.00288,16.10927,22.43256,11.91358,42.95345,27.67691,22.86798,44.61893,0,
10.90925,7.85829,16.84485,35.31062,22.82145,34.90178,17.77019,27.66403,11.97462,0,
29.53882,30.82686,27.05601,13.19772,40.61422,47.65441,2.06421,15.18983,41.38790,0,
17.80569,48.23202,5.43835,5.74208,4.60168,35.40084,17.56380,14.98589,21.93291,0,
30.97879,27.24563,45.65618,3.20714,35.69743,35.38322,29.69470,10.71913,49.51337,0,
30.34320,5.72624,1.18185,7.79639,0.83145,41.39257,6.62386,32.18594,37.96495,0,
47.11311,41.29988,0.09091,31.41618,32.70809,24.64046,25.61717,5.39721,43.30890,0,
48.77208,36.37158,12.53229,15.88293,21.38189,9.82972,3.19208,37.24644,27.00483,0,
32.11117,36.90659,25.64153,37.83940,11.09891,8.20010,31.40221,4.44333,4.91186,0,
10.53641,39.78901,47.31161,39.80609,4.17183,3.47328,22.02170,3.71819,23.67745,0,
47.39171,36.58002,44.50948,27.07545,21.98799,32.56321,48.02343,47.50584,0.50910,0,
37.61237,39.49492,18.11576,33.22521,29.57342,4.80766,43.34621,30.59456,24.71332,0,
18.98612,37.80605,41.93442,28.32459,33.48002,5.37918,31.44288,48.42062,4.14253,0,
38.19418,39.16431,7.92791,13.67978,39.93681,7.22401,19.87682,17.96672,30.12395,0,
21.27211,32.05188,20.03233,28.24959,39.26334,44.58886,7.36626,30.61240,33.17518,0,
21.56777,36.58665,35.54190,25.46893,20.91312,40.24563,1.11189,33.45111,0.92178,0,
13.64814,3.55512,22.70752,4.69411,20.34914,31.82738,46.02256,37.28841,27.14475,0,
37.30846,45.27546,25.24006,16.17240,18.22036,32.88422,47.44688,34.98147,20.65509,0,
39.93625,8.24307,16.00151,41.23847,38.04700,4.55877,28.54983,37.26868,35.01737,0,
31.00766,49.78315,28.04643,14.46029,16.93996,46.92318,39.21929,33.63029,20.23136,0,
40.34239,7.20469,9.88927,1.36109,6.70915,7.28665,40.38623,42.97618,9.03602,0,
8.78115,4.83164,10.38610,4.93316,46.53800,25.42336,16.43846,12.41237,41.82720,0,
41.84216,26.19919,28.55270,25.85620,1.02110,49.55706,35.95377,18.00561,24.86882,0,
29.43942,6.14739,12.89661,16.82785,41.31244,32.03862,29.45968,39.71234,46.16441,0,
2.40969,19.19296,8.60537,48.70680,18.48066,0.65119,20.77290,35.22710,2.33428,0,
22.97504,24.72875,36.07028,25.98039,34.29170,22.05552,47.45921,6.67319,48.95450,0,
16.04274,28.60847,41.11627,23.36785,20.56642,10.92388,1.01914,27.36269,40.50004,0,
27.20637,0.17707,13.38929,37.19679,36.12316,37.23943,28.54463,16.76385,20.52904,0,
30.25595,37.20379,9.52263,7.18466,26.66200,46.39325,6.04090,3.24989,16.46089,0,
1.19115,27.13157,22.45242,34.59827,25.12897,9.55414,5.52249,27.48072,48.19312,0,
24.75016,38.21280,19.66242,7.49599,4.82110,39.59213,20.30805,49.82390,21.34371,0,
46.70420,44.86237,2.72163,29.25435,34.08936,31.65626,37.94957,33.28385,37.76202,0,
22.34977,45.02443,33.84193,49.44724,8.57267,38.99044,12.20088,43.30226,31.32082,1,
49.37093,18.26545,12.68511,43.97993,9.41438,0.14544,2.83362,7.68732,32.46249,0,
16.82994,38.23392,48.59876,45.32466,47.43168,12.60169,12.91650,3.12260,15.92879,0,
18.70192,15.91214,48.93265,28.63829,27.18942,40.60314,4.73784,35.99597,15.42802,0,
39.94558,11.87847,35.10855,45.02690,38.51177,16.32908,45.48869,11.29443,19.36663,0,
48.75392,10.39976,4.98216,42.69112,7.73969,38.98656,46.43148,43.46832,19.78167,0,
49.62786,20.88149,23.34764,39.69085,6.16301,18.40923,44.76562,7.90722,38.52966,0,
14.56960,42.41243,31.56517,42.77922,21.72292,18.58637,1.46019,23.03522,5.81318,1,
23.47597,30.26451,31.42748,27.36160,48.44063,11.70405,20.72770,46.74344,37.41832,0,
45.72411,40.75282,11.11719,40.07754,6.26055,9.66593,25.02617,14.42985,28.20617,0,
33.07223,4.74388,39.86639,3.10910,27.61431,49.73552,36.88915,0.43966,39.35416,0,
10.65317,42.59783,41.17573,13.21595,15.99870,12.85758,41.58594,6.10387,31.62632,0,
2.54127,10.51846,2.63750,29.02756,29.19683,25.65754,33.79332,7.11883,8.07821,0,
0.04288,45.44382,14.73868,17.64326,49.32310,24.34401,20.59217,22.54551,9.59797,0,
11.94230,23.26984,14.59979,35.32905,22.75474,44.81434,40.67713,38.89987,11.06948,0,
39.07680,46.56561,38.53258,10.15662,39.20641,5.52207,14.25617,19.87634,33.94115,0,
28.57870,6.73629,38.54829,35.07159,17.99862,38.33638,35.09611,25.40719,3.23977,0,
35.68116,36.56687,13.62954,4.62425,20.22456,36.17312,16.27596,26.25371,35.71341,0,
38.87288,45.86648,8.44997,24.23574,24.79996,45.99084,16.23090,34.67697,17.89167,0,
8.37747,44.54916,0.52856,8.17410,41.31710,49.79683,38.37748,9.82973,34.42074,0,
25.10808,6.56761,19.56711,24.40712,15.80979,46.41540,16.09997,23.84474,32.17440,0,
42.85211,8.40722,17.05425,2.25051,41.24029,8.18314,11.02251,45.60383,26.89371,0,
7.92487,8.15094,10.66617,21.97363,0.56670,14.51765,17.71541,36.86121,21.86343,0,
36.09967,30.81138,15.88479,15.62933,31.72143,12.72249,6.31234,11.65066,29.22537,0,
15.13652,8.16675,3.78801,11.02025,27.15464,23.85868,27.75079,48.15208,15.69912,0,
9.60167,33.39167,34.51175,34.49239,19.80356,23.52240,12.63189,39.05220,4.22045,0,
12.09033,20.28923,0.67837,17.71909,14.22622,38.18200,11.49074,11.48396,31.84009,0,
6.16611,22.63889,38.68421,3.34933,26.00008,15.25277,11.87265,39.62807,16.68821,0,
37.00267,10.07675,41.16912,38.42312,3.56697,21.28524,45.35100,26.85381,6.37283,0,
5.75788,11.23111,31.69132,19.65808,37.03321,18.22912,32.05227,38.86622,13.84857,0,
34.34588,38.79298,13.76177,49.62385,29.75312,23.19002,3.07483,40.90713,37.92639,0,
40.11354,42.72098,2.04435,6.44653,4.01680,33.27302,11.55205,43.45894,46.39082,0,
36.05043,17.75323,17.06694,38.48140,14.94459,45.40827,39.69617,46.76841,12.49773,0,
28.92949,27.81889,31.95680,39.54146,39.80303,4.98041,24.98753,36.95833,7.29927,0,
44.68163,10.53844,33.29027,25.66544,37.01466,10.93798,0.26452,37.70567,13.14680,0,
0.29397,45.14505,4.33908,23.44224,25.38483,34.45777,23.57615,31.87838,18.67851,0,
21.17844,32.70991,49.77230,10.68100,0.15196,40.92465,44.89965,1.60828,22.87544,0,
13.43098,36.71327,40.88517,31.80099,31.16145,15.26297,25.87625,41.98533,26.35397,0,
41.44610,13.68323,11.62634,14.67588,37.86345,23.37762,27.08711,42.27318,10.32901,1,
5.17870,15.88494,25.70133,9.59518,4.89235,22.22232,27.18625,24.85648,40.05644,0,
48.87509,0.50583,45.94427,37.67209,44.67115,17.49468,45.73524,8.91823,38.61375,0,
14.45744,5.46824,33.23450,29.09917,35.87448,23.57905,48.94973,17.77615,1.34128,0,
38.31459,3.57765,42.30207,35.15904,1.55564,11.76949,7.62529,31.72746,34.40478,0,
20.15559,13.00764,29.76251,25.03285,1.11066,16.02333,45.49691,11.97404,25.63921,0,
39.43881,48.19614,3.47192,17.17080,29.74328,27.07698,17.84192,27.45447,4.14580,0,
43.75850,18.78898,49.36287,35.58966,5.38321,10.99648,15.64799,13.56536,34.48810,0,
27.01403,31.57360,22.67024,21.14952,31.92977,33.25505,31.70795,48.66663,1.13732,0,
33.66692,18.49159,42.27426,42.19066,15.86421,37.03056,1.14812,11.46695,13.68469,0,
18.10502,42.55644,33.07584,33.07074,27.04431,4.33960,22.91463,11.07024,9.42696,0,
1.40604,26.56233,45.68892,6.72203,9.02353,34.77230,18.67531,41.40874,28.41682,0,
3.99815,27.84912,7.82270,0.16427,36.47195,43.48059,43.45536,27.72183,2.23611,0,
13.35447,38.71544,40.48942,46.22755,7.62314,4.81443,16.16280,37.80941,16.63894,0,
38.20791,0.49718,15.47295,19.26014,1.43731,0.90980,4.47421,11.54365,28.45073,0,
26.91801,21.64017,35.61881,38.33519,2.15613,27.55894,48.97005,48.49729,39.03015,0,
45.12539,32.28490,5.11432,17.68352,35.31262,46.28172,41.45731,10.23599,21.82762,0,
8.21021,23.54116,8.79767,4.73642,2.96017,32.21928,47.65649,19.43702,45.27352,0,
44.99276,42.50144,37.83237,4.36465,33.41457,32.73795,37.48948,8.87016,20.64359,0,
26.52534,12.38724,16.28470,10.90267,30.37094,48.52552,15.18095,37.76606,33.91248,0,
16.71303,20.88869,46.28343,43.85244,45.89561,45.47152,42.69825,28.31442,29.35631,0,
13.46257,4.17791,2.93970,46.88005,6.26044,35.18436,4.42026,42.25496,42.97788,0,
19.13585,19.41673,3.83883,41.04662,26.21157,4.61287,41.08207,6.05644,0.10330,0,
3.30064,17.57373,45.38347,3.49578,2.05416,15.22231,10.74895,5.90623,44.41132,0,
19.78910,4.02593,38.15625,40.41161,7.97457,1.59884,10.62108,44.40695,29.91666,0,
2.41347,25.75961,31.81972,9.57352,31.65706,10.46986,40.88222,4.47147,32.30368,0,
39.22271,8.81673,46.13499,2.29190,12.59474,49.25623,37.58105,30.50484,26.64792,0,
28.96313,12.23374,34.31873,19.56343,41.98424,48.30531,49.49403,12.52303,26.64370,0,
17.51448,2.03983,6.67832,48.25011,11.22631,11.60617,42.22101,27.93572,43.23434,0,
10.02878,37.70163,12.13082,10.44077,42.54070,40.91514,49.08746,45.97915,1.69546,0,
16.35483,3.54188,5.05327,18.59279,28.38111,40.61507,11.35746,28.16977,18.22912,0,
16.17091,2.34847,30.22574,41.07844,39.79502,21.82151,20.41342,10.44630,20.13031,0,
13.77387,36.45818,43.97007,24.10360,32.38413,0.05084,30.55615,8.50512,45.82362,0,
3.67752,2.47270,43.83977,7.45688,6.20695,41.19901,20.15712,19.78347,3.01716,0,
37.82698,3.44609,9.37470,38.63676,24.62241,26.41454,29.14206,48.10996,5.15754,0,
26.61239,12.37009,39.75529,41.93429,41.08845,25.34329,43.16321,23.42669,4.09401,0,
20.83025,39.25913,49.50047,13.16514,9.94310,32.96306,3.18472,22.52961,29.56810,0,
38.81906,49.06274,14.36482,48.96857,41.00781,7.54511,11.53573,19.34910,31.33416,0,
1.38873,41.11554,39.78048,27.12619,33.59152,24.54617,12.64353,1.61568,46.09445,0,
37.02348,37.09661,1.07682,46.15755,4.36086,37.38195,39.83345,40.81526,31.63958,0,
22.69235,44.58662,37.28100,11.51399,26.76088,45.17745,23.58676,6.34579,46.40765,0,
28.16318,28.11767,30.10021,47.45837,21.23449,3.42183,47.78106,7.19988,24.14044,0,
1.20915,34.30847,17.71448,11.10208,33.91071,3.01803,10.09226,40.02825,6.39243,0,
11.35943,39.27436,44.58611,41.23213,35.36094,14.71438,11.19268,23.48460,3.49003,0,
0.63143,10.75633,13.70808,28.27448,9.08495,9.02442,0.49729,25.04337,6.13546,0,
23.87886,35.19076,15.52952,15.96482,45.37986,17.24907,34.00537,49.58161,8.37997,0,
15.11942,21.75688,36.63239,33.09172,39.87821,49.26805,26.87434,40.09931,29.41003,0,
47.75883,27.91605,31.41366,12.45284,25.55165,9.59418,9.31048,9.52119,29.97954,0,
22.18121,14.38350,7.35090,14.33235,1.73632,47.53651,42.37781,26.37915,21.33314,0,
11.74450,36.89672,30.62487,26.76709,18.72192,32.21296,26.13847,49.63626,41.28810,0,
45.40857,10.85762,9.01459,49.28266,2.70463,23.83957,12.86154,45.18783,13.77663,0,
28.99851,11.16925,27.93766,16.35477,13.74653,3.93383,1.50436,18.41114,11.85714,0,
29.83708,19.64756,28.26707,19.57036,34.89550,24.85530,14.36351,37.76682,40.51113,0,
37.46620,24.22442,3.79616,45.43568,18.30043,24.79004,37.79213,45.16575,5.35406,0,
41.61813,28.82831,6.17162,27.33504,8.04090,24.17911,12.23204,24.19161,36.00680,0,
41.59842,15.68115,30.99775,16.36379,25.99654,28.07601,2.02329,30.57762,6.67109,0,
24.69849,46.59587,28.62347,31.54733,34.98544,18.13325,5.35588,31.02748,3.28766,1,
1.84944,22.33280,21.17057,15.33925,26.56031,34.96626,23.84548,45.93299,21.37879,0,
29.30803,29.87973,28.43878,27.17507,45.96623,4.08411,34.80770,15.67807,27.97604,0,
5.09847,0.61791,2.63699,23.72860,42.76781,25.27727,13.79493,28.34906,32.28954,0,
19.84678,17.56564,38.41807,2.20451,46.97717,1.91443,21.80934,23.68499,48.72843,0,
31.15793,46.27138,15.35968,18.14255,29.55142,16.03494,10.50408,33.92263,9.83078,0,
3.37637,15.36670,23.86155,5.61235,36.94818,21.35131,19.25935,23.84397,5.47353,0,
26.72289,3.95653,47.85773,4.74015,27.81072,40.50100,0.77396,26.76199,36.50817,0,
25.46963,38.57725,48.38085,40.14406,11.24062,16.86173,14.52073,39.88491,8.13641,0,
32.58458,18.42686,39.21417,15.22975,5.88238,1.70475,41.70447,27.19171,32.22127,0,
25.75415,5.43261,11.33794,31.17790,38.70661,19.96116,38.16682,15.83514,15.27666,0,
28.27112,28.59204,36.96510,20.41101,32.70264,34.26016,15.78051,17.28880,39.80749,0,
16.58237,37.55245,23.96568,26.80594,41.51871,11.89265,0.50461,44.78816,19.56840,0,
14.89392,5.03362,21.40559,20.59049,9.91945,21.69285,14.80916,18.52140,46.84574,0,
20.23595,5.95379,19.58421,38.91040,28.17969,31.56322,40.77855,29.28361,24.26715,0,
29.29956,30.67193,5.40645,17.65208,15.99373,43.71843,30.73533,11.08805,38.40675,0,
36.07204,5.49056,28.90421,28.29211,42.80952,18.61230,34.42309,38.11169,26.09273,0,
42.60573,47.57246,27.94278,29.90759,47.08305,9.18889,35.04864,44.82994,6.52189,0,
11.38389,14.66607,44.47622,22.75263,10.20319,26.50307,33.47442,11.20155,39.09700,0,
34.15840,40.77365,33.27593,10.74083,5.98452,42.15923,26.90206,28.18967,34.71189,0,
16.47692,37.15553,10.83743,36.52637,5.76972,9.73194,44.79043,6.23390,25.55720,0,
9.42245,36.43043,20.38435,49.01104,47.60517,37.63628,36.09870,8.30604,2.82499,0,
16.39844,46.98814,32.55187,17.68095,26.77020,38.31011,5.04839,5.74224,45.90770,0,
41.57278,26.26562,9.28018,44.87488,34.85614,19.75703,28.47680,9.55139,42.47010,0,
33.88431,8.70559,19.01989,48.42833,9.30932,19.51152,25.36760,6.39392,22.82067,0,
11.22479,24.61054,16.67752,2.52218,13.23078,40.87236,19.71463,45.65325,25.96479,0,
31.52451,40.81508,23.29616,32.21010,15.76373,35.18383,6.39283,2.74831,18.90688,0,
26.81200,32.08472,35.08429,17.39376,27.71825,12.22469,38.00705,42.98698,34.02933,0,
39.87693,18.05544,16.01013,45.98265,4.20826,35.83218,9.19205,25.71532,31.43788,0,
20.64375,31.03714,42.87770,48.63997,43.89831,28.96323,4.46157,20.22065,21.13488,0,
38.56237,5.63687,34.55126,2.11661,27.45102,10.00313,22.46699,39.61153,19.06771,0,
33.78326,18.87136,39.66742,20.10463,46.57008,49.24051,39.91681,26.19665,11.94033,1,
20.77188,17.89682,22.09627,48.80009,7.24820,17.20255,43.71102,40.91604,1.79209,0,
1.90877,35.98553,49.29721,23.34202,3.35670,34.64172,49.84794,9.69013,16.86664,0,
47.77811,11.99602,30.37029,4.37258,41.93656,13.85613,6.10571,45.72857,17.50815,0,
4.11018,19.08996,22.96651,18.51846,10.17518,1.08163,14.20802,0.65013,5.28330,0,
3.71964,24.38860,13.62799,33.95801,35.35714,12.58457,18.19611,0.20894,5.78487,0,
43.21983,27.94831,43.31083,26.74820,0.76898,8.91035,16.68795,24.45086,17.69797,0,
11.41792,25.97306,23.15267,48.00282,48.99078,18.05118,43.54841,43.19435,19.29164,0,
47.44415,1.00976,3.50102,38.25272,12.70743,40.39435,33.69405,9.28458,40.61159,0,
44.24595,25.28657,28.91036,31.82394,3.61594,47.16390,17.92403,19.53533,2.11834,0,
26.51542,28.96938,14.70379,32.00247,42.46566,9.76394,49.70934,45.30379,13.34180,1,
9.79735,44.96911,37.64296,25.09113,7.41032,3.39786,46.50715,28.74602,39.44091,0,
43.80783,8.82244,12.91710,40.01509,37.44429,6.58678,43.33586,30.44623,18.39683,0,
10.95400,37.36999,6.75560,19.24756,32.00490,8.68074,28.23807,37.94514,0.59328,0,
28.55381,5.20566,24.45995,32.33868,0.37624,6.34424,24.08439,32.41625,26.40033,0,
18.88221,27.36347,16.60085,47.89184,16.37180,31.51748,21.09915,10.23684,34.68807,0,
41.24592,30.00307,11.05917,26.74586,29.50865,31.29127,33.35743,41.41955,44.42747,0,
44.82549,1.18027,34.54433,30.24909,44.06097,39.31270,40.32799,17.33569,27.64664,0,
41.78166,34.15477,25.76331,45.42678,19.19586,23.38545,42.94910,21.11542,27.50919,0,
3.06469,24.85981,17.36468,34.31377,45.14086,24.75270,13.01230,27.72701,18.26507,0,
49.02444,25.37309,45.82258,17.77496,47.84737,32.94581,17.94552,7.09505,30.83504,0,
41.72879,24.45010,45.52560,42.78122,2.39776,37.42840,40.63475,45.09211,24.61846,0,
38.87160,47.18957,48.56775,45.15649,43.46126,17.10363,20.58830,20.45235,6.59906,0,
0.01463,20.76554,3.98568,41.25811,26.82821,42.61817,22.96603,28.22842,24.26296,0,
15.52201,9.40852,26.08748,18.87849,27.08871,38.84010,0.58138,47.62801,38.88333,0,
27.63976,30.62787,21.55983,5.09005,47.22423,14.02043,49.02625,48.96065,5.07178,0,
13.90576,5.55286,38.84837,13.83994,17.72180,9.06551,47.22573,34.72637,22.31240,0,
16.17137,45.43133,11.12392,20.45150,37.94221,43.11760,31.28331,21.34583,11.60363,0,
23.10230,39.42634,44.57861,43.27821,44.02974,4.90548,47.58630,27.07799,17.73471,0,
5.72452,26.53937,46.10350,3.39071,35.28936,15.63668,10.23037,41.17647,49.74631,0,
25.21439,44.67020,37.80566,8.61443,16.86248,32.82763,15.76067,28.59263,48.74498,0,
35.47145,9.99835,22.69478,17.45045,22.27033,11.82049,8.93113,40.81709,47.35216,0,
18.51360,21.23752,34.94983,13.10594,7.56325,6.56542,8.78948,25.61248,0.83956,0,
0.73738,11.02856,11.69739,39.33197,32.39300,17.00154,0.76832,44.01556,18.44025,0,
5.91804,31.01416,0.09860,34.50809,38.96568,31.73462,48.77245,44.39501,31.68076,0,
44.69176,4.02697,22.62258,2.44023,21.94741,42.33104,37.47587,19.78779,12.63194,0,
37.76323,48.60797,38.87956,4.41480,9.08317,4.78074,36.35107,27.39917,39.57871,0,
39.47237,3.40707,49.92121,18.98530,8.88714,22.43059,31.41572,20.30370,23.35322,0,
2.68009,7.24335,45.83960,17.99478,42.67077,23.22535,2.22570,45.05237,49.67888,0,
48.80221,13.90255,46.99392,36.15751,1.11385,38.26792,40.16451,26.86230,2.41053,0,
44.48068,40.18073,27.02990,38.17405,15.25914,42.46075,47.82291,41.96838,2.64999,0,
28.33134,33.88863,11.54031,47.72547,42.82013,18.96172,44.47399,13.07246,15.46718,0,
26.52912,20.82628,2.52990,35.58627,34.45587,46.20912,10.97864,10.55086,30.81074,0,
28.53181,32.91158,9.40420,26.19327,41.29901,25.81008,23.52916,34.22285,3.64561,0,
30.00298,12.34544,45.63133,45.07404,2.49915,5.92335,32.46073,27.34543,44.28904,0,
33.13454,9.54847,48.32965,1.90059,0.63662,48.78289,28.55734,12.11822,28.55324,0,
28.62714,13.83278,22.57969,4.07103,5.68216,10.52721,22.79045,21.35165,31.07368,0,
16.74117,33.95662,21.91042,20.91359,23.56868,34.75837,2.78984,41.19947,31.93790,0,
14.82969,38.89993,7.26291,24.83369,1.46854,5.21963,16.11665,15.79813,38.20902,0,
28.97979,29.41046,48.69630,26.71519,37.47235,43.49920,39.12498,15.29203,15.58960,0,
13.00462,26.14867,3.13328,18.51050,19.72296,27.58287,26.52773,39.83843,7.20347,0,
2.19711,7.02379,41.70573,48.31709,46.65164,2.50310,32.54397,32.07150,38.27803,0,
6.20796,7.92660,46.46280,5.74336,8.32135,22.47548,29.77508,23.29972,1.63594,0,
45.05850,47.37891,42.89807,16.78865,40.83357,35.29614,1.36745,14.13811,48.23731,0,
46.88215,12.88336,0.01790,41.65116,28.55777,7.83402,35.22506,9.87017,6.00722,0,
0.54149,44.88747,12.83741,14.20455,0.50091,15.91094,0.50054,46.02789,13.37493,0,
17.43122,35.74506,23.28269,44.45274,22.48900,45.11399,40.27615,42.08960,14.85455,0,
14.26385,7.05720,29.33421,5.50519,16.04560,39.76227,18.44190,49.44936,36.04913,0,
29.82528,35.18865,16.40140,19.55279,32.76496,45.82818,0.12304,21.42018,11.55327,0,
8.10958,28.88392,6.52654,0.31771,6.75637,11.68165,30.10213,25.63943,39.90687,0,
1.61230,4.56951,29.01987,35.47927,25.40833,1.52618,33.72124,18.32047,34.25546,0,
6.00241,4.02616,35.26926,46.94648,17.89337,27.30126,48.52338,49.50097,10.61307,0,
17.21466,44.80175,5.14629,18.11009,5.63718,4.99334,38.84696,26.41638,8.42908,0,
9.48895,46.74269,44.71740,45.72485,19.32259,10.02647,45.37170,45.63329,30.32735,0,
39.58103,36.85821,25.07862,7.58391,30.42607,36.65215,39.64285,20.28631,36.26914,0,
35.28994,34.00009,47.69546,35.37017,49.61340,38.98520,32.18455,4.89301,16.45285,0,
5.63578,16.72060,24.22565,25.83891,0.40347,4.84403,1.75274,6.42001,22.29277,0,
14.94029,23.44922,26.56535,17.12821,9.33854,15.89483,46.71729,3.39389,43.85669,0,
17.22495,20.26949,8.55394,32.86717,20.85460,0.55820,34.36943,11.79576,20.62780,0,
36.59252,22.54159,31.13112,33.64525,42.88613,12.24115,47.78686,11.22162,47.49006,0,
5.34242,35.09305,12.38266,3.38062,39.37990,1.54875,43.23577,19.29943,11.17877,0,
23.99508,32.49544,27.92945,22.25581,16.72672,30.09876,17.94111,24.08488,41.21369,0,
11.39281,17.27931,4.09184,36.97927,13.27016,29.37834,28.30432,32.91777,33.10869,0,
21.45207,41.15706,44.84892,39.66949,17.26558,3.33151,33.21440,20.20355,31.22857,0,
7.13702,29.90423,45.79270,8.01837,37.44006,44.98729,5.22052,26.90154,34.51663,0,
20.78819,39.59853,23.16868,21.02798,9.59004,22.88607,1.16129,26.09922,14.27347,0,
14.89288,6.31899,2.61566,7.03742,28.75892,44.22022,25.46792,26.20553,26.54203,0,
38.61232,24.66381,48.77600,10.06190,36.00720,30.86999,47.92579,0.73758,4.59820,0,
9.18315,35.67253,2.87451,31.90773,49.61091,28.27223,33.33121,46.21162,21.81031,0,
10.32461,32.68440,38.73418,18.34664,25.91854,46.57202,49.81047,19.14908,32.76525,0,
45.11352,35.47659,10.99659,13.30010,7.62863,5.67908,49.32027,34.30959,5.76279,0,
20.81600,18.78181,27.75133,11.47175,21.90828,17.24303,28.08946,28.42203,43.84640,0,
39.71622,29.86039,4.36978,21.66718,38.35911,20.46411,26.21996,40.75266,38.05818,0,
23.61465,39.03648,19.04301,11.55498,15.89612,30.84720,44.53266,28.46806,12.53525,0,
38.14307,45.31966,36.95072,25.30282,47.67931,30.48098,46.12753,46.36294,19.58304,0,
38.48968,15.28370,36.47225,31.27725,27.42882,41.57113,30.77288,22.06901,30.54147,0,
33.16731,28.24693,45.87570,11.85297,43.32392,39.51331,47.30323,47.48368,39.78997,0,
11.64513,0.14051,31.13502,40.03075,35.57087,10.05054,39.70573,28.31958,43.47338,0,
42.86316,11.94251,29.21920,38.65632,20.66524,14.37994,16.12045,32.01315,8.32316,0,
43.89010,38.55623,32.61740,10.47657,6.43231,14.84604,32.89797,48.34717,10.68199,0,
5.75952,30.08313,18.93350,4.81152,29.37428,36.23431,11.14056,1.67057,42.37589,0,
15.73992,13.25304,11.75829,44.36912,47.50400,16.27574,39.40546,7.32227,19.43465,0,
44.40772,19.86410,43.88001,5.66375,39.31848,18.30722,30.32873,2.36022,18.04591,0,
46.79969,24.24232,1.53545,28.28424,29.18130,44.60077,25.40471,1.23732,48.93379,0,
0.84883,48.30544,16.40874,16.63135,22.21346,33.52663,17.52379,2.22398,1.55857,0,
12.55779,46.56089,31.15650,43.73954,10.35274,43.42213,8.62739,20.68404,24.46657,0,
43.53505,14.39084,30.92599,31.97436,10.05084,45.44579,41.50447,30.87964,7.71246,0,
12.32897,46.68931,2.75257,37.88702,48.14774,7.57821,46.96273,35.89915,0.83841,0,
3.32897,41.25006,27.63493,1.79414,26.45769,19.62956,20.32358,39.42455,27.83282,0,
40.94972,3.60232,23.60570,43.34761,43.27537,33.93561,22.31104,44.68772,22.38794,0,
7.20142,3.87234,28.79409,17.94060,27.06160,44.26013,0.20319,43.19624,4.11847,0,
18.56990,41.53792,13.96445,25.08331,31.50513,35.06768,18.02260,32.09811,16.29851,0,
33.40024,2.86577,39.56874,1.39761,26.42771,37.10799,18.06980,20.67896,7.99717,0,
18.09220,0.34750,43.04100,30.40320,27.85295,35.26138,29.97714,7.25476,45.56081,0,
26.25237,23.94221,40.96557,30.35995,47.91496,3.77318,7.75148,15.81437,0.47564,0,
24.97085,41.70674,36.00739,41.44522,8.10670,48.64699,1.59186,32.77880,14.00845,0,
13.89743,27.31548,44.18095,20.27234,30.08282,38.69449,31.10098,28.79340,33.94358,0,
28.62468,1.10353,31.45440,15.15061,17.57635,28.41165,19.65022,43.07782,14.07987,0,
2.55084,2.81039,42.12836,10.92992,3.94602,8.61932,35.28639,39.96084,5.49106,0,
32.08815,13.82189,43.17515,39.43665,22.02530,13.63731,18.00195,49.20542,25.00004,0,
47.64117,44.95755,14.51811,2.85857,13.28057,35.07814,39.95231,19.80041,30.42923,0,
31.78877,25.02020,44.51572,21.21576,24.33537,13.98511,6.96861,40.08489,12.02815,0,
37.72510,13.25749,1.71795,34.38062,10.30505,36.04164,42.14730,15.88426,9.28073,0,
12.16135,21.17438,23.30095,8.26094,28.12775,13.82135,41.54261,11.31850,5.74623,0,
0.50101,1.21573,12.02934,37.71604,17.09538,45.77784,4.42708,46.15840,24.42860,0,
10.12923,10.71240,42.05110,31.86375,6.13945,26.86368,2.05392,13.23698,5.37794,0,
23.42975,48.88740,36.04699,35.98074,14.50337,23.08849,1.81810,40.86891,10.82367,0,
6.60996,12.48188,40.35386,10.53275,4.44755,22.21265,23.34018,27.26609,42.60609,0,
47.06096,6.98501,21.30336,44.67083,29.96931,16.58540,16.23105,13.21567,27.19444,0,
26.07042,25.84758,49.39949,17.28319,31.71312,40.60173,8.32799,15.90026,10.39173,0,
48.86481,33.30775,1.86076,28.14353,5.87103,43.26144,45.23858,43.71224,16.31132,0,
1.27730,26.22878,46.51533,29.32909,35.82585,16.84968,17.55039,48.81513,1.92578,0,
47.73871,44.21674,6.48424,2.54350,25.26978,34.48206,20.32915,3.46304,1.61823,0,
8.66516,19.82848,6.25480,7.28196,17.84887,33.93155,17.38797,30.26796,33.12272,0,
22.11398,15.16428,27.05087,32.81536,34.38688,22.84775,42.61283,40.12411,16.51784,0,
36.14629,22.99282,28.33901,41.65217,43.27705,21.73399,47.23935,4.70266,43.91495,0,
14.10518,9.62631,1.24449,9.10049,43.05359,32.36761,42.49349,48.47702,37.63530,0,
25.26385,6.17416,38.27067,30.56499,20.72525,28.17137,16.18098,33.55443,35.35360,0,
6.58908,13.44512,4.13619,26.23838,46.32530,1.75758,15.81400,2.09299,43.78463,0,
9.30745,45.43272,34.53299,1.08424,4.81025,32.81931,14.06676,49.17213,2.99590,0,
44.36975,43.95763,49.37474,37.53872,2.28727,22.89196,13.20710,26.39881,9.18013,0,
42.27775,42.25797,29.54640,8.13093,26.01815,24.13456,5.27737,46.95835,23.46756,0,
28.29795,48.35506,30.96448,35.78180,16.63607,5.69718,33.18459,1.05099,15.47477,0,
1.05978,19.87480,28.56682,23.67809,25.28507,10.16937,48.34204,5.51134,17.24759,0,
28.96876,2.33954,20.29433,25.82105,44.68807,37.00787,46.92340,6.81337,2.41432,0,
29.81794,2.83516,15.49195,9.01414,15.09269,38.80426,19.18576,2.86739,24.54442,0,
10.18508,22.63377,34.39119,44.27286,45.77433,31.93418,19.78413,13.14082,36.42386,0,
27.62180,9.46932,17.17334,43.45881,16.43237,13.33006,46.77963,7.64249,43.75332,0,
16.80655,35.46411,21.75949,36.19379,41.12821,2.79270,0.28042,30.06214,39.29745,0,
9.65062,10.75633,18.16370,48.28878,17.38266,15.36557,45.72516,14.37020,36.11540,0,
36.76621,24.86840,49.01028,47.84254,19.48026,44.54578,1.47134,8.31861,44.29798,0,
39.23219,3.77641,43.76405,7.35336,42.71180,48.79908,47.07881,14.95215,26.57783,0,
27.81968,33.90409,33.62509,25.30048,1.26493,40.30026,48.89833,31.15383,46.83083,0,
13.48300,45.13048,25.99724,40.72409,12.96755,42.32798,8.10571,5.74140,34.91381,0,
10.72394,23.43926,23.11461,32.28549,12.78723,39.98065,21.25135,17.96562,43.21509,0,
23.96019,26.13410,16.73622,17.21363,33.62905,42.64314,48.49981,16.54021,20.32861,0,
6.28330,11.81851,10.58465,47.67847,36.74797,12.52227,3.64777,15.87848,28.36611,0,
23.53363,33.28609,5.03835,19.30130,26.58999,46.67819,15.39106,32.90599,35.64417,0,
12.88352,6.28084,31.57984,3.96301,0.95336,16.99970,40.24728,19.94763,33.39421,0,
34.70817,15.40773,34.87375,34.95234,43.10857,3.63608,29.78841,28.51717,38.79066,0,
24.43702,42.28226,14.19705,36.81736,21.84983,26.28134,39.77057,47.56607,38.14789,0,
17.27699,5.83435,40.40640,23.62595,27.58424,17.31553,11.42563,9.67091,17.22904,0,
38.61769,9.20025,46.47581,31.93161,31.10582,11.23388,37.80563,46.24010,8.68346,0,
25.50879,19.80179,20.76697,5.44737,46.61951,15.56616,0.20804,33.20645,16.75744,0,
46.08263,25.34467,20.66940,45.40731,18.73539,27.04412,7.59420,6.32552,49.88451,0,
19.28397,15.15807,13.66769,29.95007,42.36821,1.19797,41.22069,47.92769,3.94905,0,
0.88574,17.44544,46.97730,48.17679,31.72823,31.92759,23.62708,10.07003,22.47763,0,
41.52082,44.09478,23.15480,30.28454,17.97615,4.66440,4.65739,27.19557,9.28122,0,
44.07944,13.85336,38.19137,32.17645,4.16363,46.70499,12.44688,7.73104,28.24100,0,
28.29603,40.53627,4.51410,16.59207,27.05248,14.50094,25.27759,21.47241,10.30930,0,
13.16325,6.69960,4.54370,12.16497,1.22369,1.32489,35.15782,27.19699,31.50057,0,
34.46053,41.30218,43.47378,6.47197,40.21502,19.37969,44.54967,15.42217,42.82219,0,
6.06783,49.86284,40.73414,6.92587,5.70996,10.88766,44.59801,4.59902,26.94062,0,
18.88562,9.49532,10.02669,41.19230,42.27849,42.73776,31.75936,27.94182,17.79399,0,
16.35444,6.92494,31.32162,41.22674,27.00704,0.17745,35.02039,36.80253,31.99695,0,
2.37247,10.43483,46.58193,35.16082,21.91971,41.64159,46.15596,18.20850,28.35066,0,
14.68424,19.45199,24.98972,46.89051,20.82458,17.14401,38.64025,22.92296,42.80517,0,
36.88868,32.07208,49.30767,3.59263,39.29860,31.20101,28.80203,15.28046,34.30598,0,
48.31568,15.39015,44.18102,44.09199,26.94441,49.19625,36.27843,37.42123,42.17996,0,
9.83099,22.48825,10.14651,17.15056,5.28620,41.65382,24.97321,21.90282,1.08694,0,
48.14320,1.98636,13.37725,42.60614,46.69430,9.13593,35.40838,41.42824,37.88470,0,
43.01595,15.08032,43.25765,17.67646,27.61120,33.12532,43.42848,5.97843,45.93123,0,
5.72692,39.29679,47.13200,14.64588,11.91530,12.51627,38.91011,4.21013,27.83512,0,
41.36476,19.68194,46.56297,25.80626,28.78845,34.64746,1.95432,41.86825,44.98192,0,
11.98566,49.78914,13.04184,12.22142,3.30809,40.32650,38.70643,33.20024,8.80110,0,
2.73950,17.77208,28.21814,1.70172,12.71925,45.46297,21.50928,9.58745,46.52314,0,
47.78447,44.78480,37.39103,15.76252,41.59968,20.92806,26.85315,39.34343,21.27535,0,
21.11952,14.78920,26.38054,22.77275,2.20225,36.50822,38.89570,12.41352,48.69396,0,
7.01782,5.45505,2.71947,17.39349,9.78267,40.30211,46.05408,38.42975,14.75062,0,
44.09425,8.56171,15.93637,13.67117,15.19295,6.66086,13.80965,11.96639,14.79521,0,
24.65949,8.25582,39.58089,23.45364,45.04262,16.14352,43.52385,8.60609,31.35755,0,
15.53527,23.36242,41.06702,23.84736,40.51246,17.06969,42.48285,24.60985,7.24190,0,
14.67374,6.10152,34.80317,14.18625,20.43916,49.55529,21.59312,49.13825,41.46603,0,
29.31220,46.53240,37.58594,13.77252,11.38952,15.45784,43.92384,8.93118,19.64340,0,
25.14182,42.31164,46.13588,37.65696,3.75809,6.95633,12.54087,31.07220,33.92887,0,
35.27424,13.33115,44.97755,27.11273,33.42882,12.62854,42.74500,46.89701,8.75285,0,
25.71905,25.50481,3.71181,14.49930,15.60293,34.77329,43.13652,36.21926,41.61020,0,
28.17110,37.88733,42.55879,11.91818,44.61584,9.68096,12.76319,1.57351,17.92826,0,
1.07952,6.16951,40.56626,20.40773,35.87669,18.54355,41.16418,31.20924,46.11708,0,
22.20081,36.25432,15.63485,45.54381,34.47056,25.73225,21.65268,14.85451,30.06114,0,
43.65548,2.64027,5.49509,42.51893,10.33446,9.39628,10.76257,23.23842,40.13762,0,
29.82984,23.92955,3.89660,34.61196,20.05808,36.68826,34.85491,43.41524,33.82381,0,
24.79076,2.67704,31.85190,5.25141,23.26656,45.47774,41.14754,44.59626,42.20209,0,
44.74790,3.70227,0.98839,13.67978,38.40146,0.74543,16.78601,14.73910,20.99703,0,
13.67854,32.29529,3.51722,41.28796,11.02100,9.28814,12.83304,43.95012,40.56537,0,
35.13594,16.93235,28.64467,5.03304,5.21114,17.68529,36.65765,7.06597,40.95970,0,
30.93087,26.52219,37.36449,3.77556,40.58709,24.12632,46.04093,43.79452,21.47274,0,
49.10768,15.56827,41.75522,13.09477,22.56740,41.40171,47.77149,32.84477,40.39644,0,
37.27170,37.15177,45.77710,19.78436,32.66745,32.03016,39.31255,46.63954,29.53540,0,
27.32203,20.99014,28.90151,11.65987,41.74500,19.54671,21.61896,25.72718,19.00135,0,
23.79277,39.72166,41.21365,0.83778,10.53435,29.76630,22.20221,38.73041,24.51999,0,
21.21587,27.13247,17.54736,27.43682,24.68964,10.51072,23.47202,40.62848,45.96777,0,
21.39823,43.37946,25.71870,32.54445,21.79216,16.43112,25.86084,12.82706,32.95643,0,
0.35472,4.47455,32.23960,49.96610,11.61356,42.33608,30.45382,47.28669,9.69543,0,
40.03278,5.20754,9.10935,42.62993,17.38234,24.64855,46.50614,47.62895,17.94408,0,
17.29072,10.48152,30.81230,26.42971,1.33649,49.79619,15.11799,1.61749,18.03479,0,
23.15672,22.97069,14.64445,26.31190,27.42857,38.75158,33.41055,48.27986,47.57347,0,
45.74833,1.78329,39.24324,47.97681,18.49598,19.93225,16.83661,25.32692,33.44346,0,
34.67890,8.43730,43.25297,36.82386,0.70996,6.83513,14.93683,11.36215,17.60263,0,
23.34526,6.38906,27.12585,45.36662,18.05384,40.05772,48.27573,42.18136,19.77733,0,
34.60650,33.15445,16.40438,15.78408,48.55581,27.72314,35.82836,9.52169,32.35229,0,
35.90337,43.45361,32.06070,20.05953,1.31223,13.63916,34.44603,43.54740,14.72080,0,
29.04463,12.51701,6.99666,48.73138,2.85703,46.91556,49.25097,47.93436,48.47304,0,
31.22850,5.90334,20.34965,5.51808,42.92062,15.91517,29.15200,3.79592,43.36337,0,
26.05511,28.72827,39.64591,33.84017,18.75279,17.06800,21.09203,35.63677,31.28882,0,
43.69637,37.86846,21.96866,14.48993,40.08715,42.56130,28.29566,24.72843,13.10314,0,
21.24466,4.29055,44.05211,36.47166,42.09579,8.75362,37.81468,19.53832,5.57699,0,
0.82317,19.75601,7.20012,14.42620,37.24991,25.98761,18.43154,20.64950,10.05804,0,
43.67180,19.59595,15.83255,11.91747,49.04147,14.39409,2.67315,12.61482,0.09676,0,
36.78203,8.02160,21.10893,3.62103,46.10800,39.47811,9.39702,19.49611,42.52833,0,
6.69704,26.43528,44.73994,33.44056,22.11762,0.39826,27.96178,0.69519,26.16693,0,
32.34590,48.18092,11.03747,21.17524,33.77127,43.29682,12.73759,39.55805,10.47983,0,
19.26043,5.87910,11.65225,42.04948,4.35070,36.07265,2.02781,36.68758,17.37093,0,
18.55120,45.90473,26.85954,5.98961,10.82381,12.83794,43.05750,48.66506,13.31192,0,
24.38417,17.19953,10.22238,10.64279,33.57966,26.69973,48.87883,11.71918,40.01857,0,
41.95020,36.78449,21.87037,42.00739,48.01845,15.66431,13.25380,18.14091,20.74997,0,
40.45294,35.62758,16.14943,17.08605,39.76208,47.08492,10.70999,2.05062,47.79154,0,
15.54635,30.61549,13.21631,9.94308,23.12764,9.72986,44.16428,46.30628,2.47805,0,
42.49049,14.65276,46.70256,14.48369,20.40176,10.14988,7.46098,48.93251,48.97655,0,
9.19537,18.31676,24.45537,45.27527,27.97357,15.49503,16.94108,43.20396,43.01771,0,
37.44732,13.39409,32.88578,28.47573,34.32112,35.22411,2.69849,35.33267,40.21427,0,
45.89652,16.11597,1.01001,8.62159,49.94204,43.60134,6.47835,21.25988,41.84219,0,
43.70112,48.11099,48.53906,27.98510,30.32939,32.90941,10.29902,1.48871,15.15920,0,
0.24177,25.22687,10.47309,27.24694,48.62820,30.80233,19.63080,39.79927,12.40667,0,
48.54565,35.62584,47.87006,39.12184,42.42399,30.57084,34.69711,16.97938,36.21762,0,
9.76032,45.95385,31.58855,46.98758,45.17838,48.99616,30.74521,35.78565,46.77846,0,
8.30862,21.72558,47.83327,25.23282,21.73043,10.99634,45.80762,9.34388,27.28242,0,
34.42623,11.23855,8.08315,36.22178,8.86417,4.35792,28.48571,10.16255,46.81206,0,
21.19900,46.03021,32.75524,49.89049,32.22253,40.63694,33.53482,44.69458,27.87684,0,
43.98058,42.26382,40.40006,18.25424,10.45203,40.60268,36.36853,34.50981,32.58780,0,
0.46107,33.91817,4.13503,22.30519,13.09749,36.94094,17.39516,26.93843,13.59423,0,
10.68996,47.46154,45.77179,48.07714,21.92396,38.63730,47.37471,23.15346,47.45168,0,
14.51232,2.92723,42.92998,12.17225,35.06531,24.89873,3.38702,15.88341,33.75134,0,
1.71376,15.75653,25.85413,15.31652,46.68063,32.80439,27.37613,28.45717,46.95609,0,
43.01268,44.24429,7.89340,26.74320,37.76400,46.59306,24.34224,12.82121,14.97557,0,
37.13766,6.23919,35.64189,28.80505,34.86255,29.25638,14.13863,20.54094,48.85276,0,
32.18939,42.21972,18.41897,25.37833,2.15462,37.67054,34.87870,5.68101,15.89613,0,
36.55546,15.80276,13.90969,17.33017,46.05479,26.18032,36.11277,29.02649,48.13075,0,
41.35866,1.84935,9.10019,35.12246,46.34793,49.91594,31.88769,49.57766,17.53779,0,
7.28557,37.77561,38.46175,46.89803,24.64637,39.73248,3.36068,18.73404,36.44182,0,
36.56912,16.92059,38.16131,11.37851,48.07635,7.35302,22.09297,1.54442,4.60642,0,
32.68553,31.82437,41.29402,23.67174,7.69493,49.19657,35.46895,14.38126,18.11529,0,
16.12496,12.03387,15.08866,5.42972,33.31826,22.43460,45.65830,47.64959,2.91907,0,
7.60564,26.32215,38.59397,35.41104,47.53346,11.38637,46.36162,2.27751,11.98979,0,
21.19425,21.61360,31.47052,12.28858,49.32989,40.29982,47.68622,8.92041,14.51977,0,
34.80139,21.36892,17.20195,22.68531,24.98277,48.87636,10.52285,11.21563,23.12576,0,
9.83437,1.88909,13.75381,34.55097,14.63836,47.67081,2.88002,4.62620,13.42703,0,
8.78554,27.94536,7.60039,23.78031,28.62256,43.59009,2.05080,47.62819,4.46551,0,
9.29819,10.17112,20.39559,27.10111,43.56570,23.36449,10.89209,49.73410,42.27019,0,
10.27876,36.53992,26.54954,26.75244,11.37564,8.76555,17.37586,37.03709,10.56919,0,
49.17263,35.07106,14.86151,27.13729,17.19758,35.52838,22.87393,21.04155,36.22953,0,
34.68391,48.81119,42.65346,37.19653,33.90071,7.37357,14.51081,24.11123,44.72829,0,
14.83686,33.48169,32.29782,22.28044,45.93094,10.56686,0.04222,6.69764,36.18656,0,
0.55323,45.31764,3.42587,9.95843,13.18253,37.20887,49.45844,5.70110,45.53848,0,
4.25485,25.04687,38.62444,36.16749,40.87665,37.29193,18.81633,45.40612,30.26721,0,
39.64595,29.07005,28.30069,8.55244,15.99031,25.49711,35.28318,47.83705,29.35537,0,
12.05530,30.16918,11.41412,6.88454,24.48917,12.36066,30.91928,3.73875,11.55360,0,
39.10550,21.76151,31.92648,43.99279,3.28524,23.41298,34.82112,47.21409,7.78647,0,
32.44580,17.36972,40.95450,41.61324,15.67535,33.69972,27.40732,29.80291,36.75263,0,
13.00802,9.17098,0.51469,4.42513,39.07497,19.73750,16.60622,25.28221,20.13761,0,
13.07257,36.15054,36.12927,44.02326,45.54911,15.79964,27.25113,21.48401,30.64208,0,
28.96309,17.53885,20.91916,26.40648,32.96584,22.55183,25.13606,31.69423,28.04638,0,
41.06356,0.75170,43.81024,6.34932,30.73710,31.67206,0.42605,18.81166,7.59440,0,
1.86787,18.65707,31.82156,1.79873,2.63592,6.54303,27.42012,0.37888,30.28056,0,
10.31400,16.78304,18.97068,25.72545,27.84417,9.29672,4.73563,28.86506,45.68650,0,
1.42604,37.26415,45.29989,4.31301,1.19543,32.43908,30.22123,31.88096,38.80421,0,
5.16952,34.93181,39.98958,6.25612,19.75065,7.77791,9.37056,14.56912,22.64486,0,
16.92622,11.79800,23.44179,49.75070,34.14206,10.78071,0.38416,40.34610,37.11601,0,
42.80752,25.72701,22.60013,26.86124,16.20062,49.44602,23.98698,14.23507,15.97644,0,
26.18614,28.12501,11.92330,11.26983,19.23638,19.41058,30.45039,49.13282,9.99181,0,
16.19586,21.71026,5.79528,35.32309,1.90048,22.13883,20.01776,16.95589,1.88585,0,
15.99090,6.23333,0.51889,39.99309,10.57419,12.53031,5.35661,4.63272,8.02747,0,
39.45741,2.41291,28.30006,2.76612,13.08553,20.27184,47.23192,1.44570,16.44514,0,
33.61581,42.88253,46.08082,11.03422,0.43637,11.33357,41.35963,9.26607,1.41582,0,
14.78893,27.29842,39.31684,35.96000,37.05909,2.28084,16.56882,32.71898,25.02442,0,
35.67169,14.26936,4.02624,47.52462,37.76329,47.10975,4.56452,3.83930,47.47322,0,
19.22069,17.78111,49.77461,3.89418,18.27880,27.96867,5.85816,33.20901,17.58188,0,
44.68007,13.03839,31.75476,29.01623,33.45733,7.14135,37.11303,24.18135,14.68008,0,
47.28760,47.73005,11.62269,28.71421,29.14055,5.31619,39.23634,23.14847,21.54116,0,
22.79435,41.87852,41.27785,39.87589,14.62055,25.50304,4.93399,23.49671,11.29821,0,
19.88023,5.32649,40.89384,40.13168,27.02637,42.07494,49.10822,28.57499,39.78561,0,
19.86281,28.72477,47.59836,48.85386,19.26397,20.40715,11.23866,20.27644,20.38395,0,
10.97954,35.81836,48.43756,11.86917,15.25970,39.10140,12.20769,5.96630,0.99710,0,
16.13471,29.90059,4.64160,29.35110,1.15118,34.10759,17.23884,5.69433,44.11484,0,
24.55166,40.43441,36.25229,23.98646,47.08395,46.00329,46.22173,46.09461,26.97198,0,
37.60915,8.77919,42.03895,44.53425,15.23672,33.64911,33.23395,12.42974,36.06435,0,
17.62015,4.41884,9.27219,39.84331,11.64462,11.07406,35.68825,14.89177,1.17985,0,
29.29421,35.01847,15.39468,1.56328,46.52077,27.33672,4.56155,4.83904,18.59777,0,
46.87403,25.22008,30.98872,13.51828,23.05214,17.53409,39.85174,45.88510,7.31042,0,
6.28779,39.60081,28.86638,6.07977,47.11216,29.47030,22.02217,18.90915,14.74723,0,
26.18652,0.05728,18.65037,19.83388,3.90065,35.32926,6.66361,1.36827,38.44575,0,
27.58201,49.73654,8.20477,47.92348,22.13419,29.18055,1.30188,46.06610,45.09676,0,
42.19611,18.20095,8.30123,4.52941,32.40592,45.69617,47.96316,46.62649,28.74482,0,
37.02097,11.17780,21.70976,25.00033,40.44527,10.09074,39.71183,8.02921,10.12964,0,
27.97435,45.33901,3.75394,1.19130,37.04662,28.81257,35.77436,0.92850,9.05966,0,
42.43585,21.45546,24.95517,18.19437,20.38054,2.56754,46.84743,41.84224,49.80022,0,
23.57431,41.50775,26.28842,28.52422,39.85479,36.76131,34.85269,19.17607,36.69054,0,
4.87617,6.06774,0.84520,2.55375,21.64796,29.00248,28.52822,43.31744,29.76569,0,
6.96782,0.03394,17.31589,43.64216,6.88809,16.19911,12.82557,41.75212,4.17226,0,
8.30168,19.37198,49.11582,32.31690,6.98067,49.49392,39.33369,37.58714,12.22114,0,
6.90459,25.61783,24.24738,11.35865,8.74997,30.24807,0.69739,41.93083,9.16271,0,
32.39354,17.13173,8.05567,40.32104,33.39090,12.78808,45.33682,9.34303,0.49183,0,
49.24582,12.25750,35.92661,21.36069,47.89921,24.30991,45.41904,29.38689,19.42074,0,
31.12273,27.52298,37.33132,40.44490,7.49135,2.03918,25.78409,44.02966,17.35088,0,
0.53100,16.83058,27.35134,40.28893,28.37586,33.73587,21.99783,22.52977,15.46623,0,
18.74596,34.04300,26.92543,34.52554,32.66479,37.26650,47.57485,20.05490,29.24465,0,
35.72701,2.25349,44.22782,43.74086,26.92534,29.35290,49.85135,3.92849,46.63991,0,
39.73837,32.07615,45.45523,18.25360,40.97188,28.11381,26.63224,37.48346,8.18486,0,
30.74362,13.67973,4.61632,1.37163,28.53818,37.73525,22.99930,1.01156,14.10352,0,
30.07281,42.47147,26.35254,49.94993,17.74162,41.07962,44.06870,1.31507,22.82776,0,
37.77286,35.56552,34.25572,3.90961,42.71569,33.15962,9.99466,4.85766,7.58554,0,
23.47519,20.81335,24.28668,37.99957,39.57422,12.84655,4.65434,31.69608,37.44341,0,
41.36526,35.62089,6.29891,22.50273,22.82758,28.41573,29.98275,16.15582,11.77824,0,
32.86867,31.25851,26.18104,46.11399,26.55562,8.43363,28.26930,11.60121,27.82944,0,
23.44980,32.60176,11.87364,0.27891,1.56932,5.51953,49.09707,14.07804,28.55999,0,
12.67756,22.22993,21.32444,21.26788,21.19989,17.55264,46.11735,36.33499,45.18914,0,
2.82126,0.37869,13.31418,17.07521,20.02816,22.30241,17.06992,39.98239,42.04201,0,
49.99364,33.59740,37.24928,27.36495,41.67768,26.34031,3.21132,20.65872,33.78095,0,
40.85286,23.39136,13.54356,39.74899,20.55974,9.95971,45.69719,42.92765,26.13718,0,
33.70840,8.53346,23.87155,21.51924,37.75964,12.68578,7.91422,35.50850,20.71036,0,
26.48061,33.92294,44.87903,15.62327,43.16594,31.17895,35.08215,37.10751,27.28153,0,
16.21942,42.43578,2.09697,11.22254,15.19650,28.24208,2.00212,13.93182,38.25399,0,
36.93887,49.03620,27.82853,27.95747,43.57428,45.42149,25.21680,44.53534,1.42215,0,
30.14225,36.48063,31.88491,20.25939,11.08249,37.07931,49.82681,17.96021,15.94479,0,
13.98886,24.11108,35.07942,48.75205,4.13065,31.75410,0.42373,16.81013,36.08117,0,
14.03473,16.66149,43.65894,46.68959,26.74117,7.80748,7.04915,12.84898,6.49746,0,
32.54833,30.60091,40.35444,32.70683,13.57562,43.89447,35.92059,38.18355,0.85218,0,
33.77515,3.46251,12.73276,40.00455,25.23168,36.22007,36.24769,45.62165,23.94067,0,
23.11626,33.38620,20.44658,32.21771,40.26166,47.18688,29.99988,32.24727,34.40336,0,
5.97150,7.62996,17.39501,15.65986,23.29217,29.39730,30.58972,10.70569,32.40512,0,
43.22848,17.48408,2.93641,21.18693,49.85999,31.66670,3.74062,4.48086,7.77966,0,
11.97839,33.57826,17.94180,19.59002,47.16860,45.90640,23.54403,24.04900,46.64086,0,
10.56167,13.00681,27.67411,11.22533,31.57426,31.05110,3.10931,32.08773,43.12975,0,
37.62347,28.12479,41.66553,6.14381,13.23743,33.96470,12.10672,0.53701,45.12723,0,
47.32084,9.90712,26.40737,2.86098,45.24619,37.86989,30.58178,37.05435,20.16527,0,
48.85429,7.45734,15.90127,4.25679,19.69203,6.37836,18.10613,44.23435,7.84191,0,
11.89643,17.53931,10.92194,23.28740,3.92116,28.83708,18.88129,2.24926,40.62400,0,
27.68565,43.63908,39.67747,5.12339,32.97188,23.21034,0.03478,18.83293,37.47459,0,
4.04618,47.00328,23.61091,10.20423,19.23398,25.88438,20.16864,33.49460,28.70826,0,
16.16114,6.47518,5.25650,47.79171,33.49044,3.75749,16.92158,3.14452,27.14406,0,
4.58972,25.76758,30.26493,44.17094,0.54434,11.86786,37.17712,25.41900,8.81045,0,
28.20481,14.01681,13.25723,12.83139,46.31666,37.88508,4.93306,43.56887,14.40422,0,
21.47467,16.40932,17.92546,20.79205,31.11829,12.66935,39.80848,46.22012,2.33142,0,
15.61930,3.72328,4.83098,48.87141,24.94277,2.39067,25.90911,13.25357,22.31584,0,
47.75146,10.95709,48.02658,49.73031,17.45060,25.13398,22.67468,3.85334,15.11054,0,
47.47826,30.95096,29.87637,23.85563,2.75815,42.11906,46.41540,28.27921,0.86127,0,
38.84197,40.48095,19.16613,29.69638,9.29109,21.68378,13.68587,18.35870,40.31348,0,
43.06986,2.23651,12.70845,42.50303,20.76544,22.80728,35.57228,28.95464,49.20562,0,
23.48587,29.22400,14.63812,45.13686,14.93209,44.25884,45.53638,27.19860,21.57762,0,
10.88202,14.19721,28.84394,44.68113,36.08051,14.51145,26.57183,18.47401,4.18702,0,
1.01058,19.44161,40.35914,11.84257,39.00089,7.13340,5.05276,36.93062,45.31474,1,
11.76336,23.52620,36.59564,34.06744,10.90539,4.07897,22.70509,12.09706,44.18302,0,
33.26068,30.06763,9.66714,28.20475,29.00051,25.97677,32.58329,15.08080,4.97595,0,
41.87648,31.01319,16.85325,5.21412,7.35442,2.55753,9.57734,43.24650,10.41485,0,
29.14357,44.18267,17.86141,6.60991,1.81435,36.86521,37.27615,15.64978,7.18148,0,
30.52002,10.32804,17.73587,3.37193,28.31491,43.53619,31.79099,46.52548,23.56194,0,
3.70641,29.46239,35.21979,39.22580,37.44820,31.54653,21.52776,48.59369,5.08345,0,
31.63113,35.05794,13.04508,26.34532,26.67011,0.66975,24.96094,9.36406,45.70181,1,
18.25400,42.25604,27.63119,4.34026,44.93733,31.92830,0.91478,42.11277,13.89394,0,
13.94851,35.52469,44.00006,36.46773,31.55680,37.12584,22.65530,13.55996,14.87513,0,
8.46470,34.27709,22.40128,36.38408,26.18313,30.06892,29.91102,22.78129,46.35119,0,
8.00972,9.28931,30.18843,20.38757,21.03211,38.47803,19.49973,45.20125,49.10082,0,
11.77344,5.79601,45.09489,45.58677,34.26308,43.82285,2.53393,19.29507,49.84792,0,
8.29867,35.94638,30.47692,32.21982,13.52645,47.72901,35.99103,46.94259,37.84773,0,
48.52384,3.68456,6.83429,20.14852,38.17355,28.87799,13.34695,34.43926,7.10438,0,
9.94280,6.58088,20.23619,8.34636,23.90553,14.76077,39.47843,6.06042,22.79781,0,
47.20505,43.49633,13.94951,35.88879,44.51967,44.54277,13.39612,36.16331,29.31544,0,
29.33797,43.20987,2.29087,36.09485,18.54829,26.99848,9.91354,2.90073,4.34366,0,
12.06044,5.53159,0.83151,23.36820,17.07680,1.38663,45.42570,16.77012,15.04291,0,
17.85305,26.88243,25.36554,29.74765,0.62634,31.76966,17.81335,33.10883,30.46077,0,
45.75718,26.01456,12.54238,31.74447,29.76198,38.93925,37.72908,14.59379,41.48686,0,
18.26289,28.76749,30.76914,27.49034,21.46419,40.57387,20.61981,26.88805,27.26714,0,
44.11892,48.14308,44.52197,47.82410,30.23083,3.27851,0.40581,11.20080,4.28615,0,
9.35078,44.65052,35.80727,36.50618,3.13919,20.40715,48.59591,32.06569,7.50433,0,
4.27713,38.75364,49.89143,9.50320,35.62937,41.57910,4.43382,41.26991,30.66208,0,
23.90044,40.07947,31.23551,14.63803,25.31397,19.83168,15.26900,5.62791,43.95188,0,
27.02768,42.76469,14.40645,42.94666,24.84594,9.10203,49.01153,10.53550,37.86599,0,
30.60082,8.03472,0.23257,9.19804,10.91113,8.09094,46.55216,38.60505,29.25949,0,
38.80862,13.52890,47.42872,24.72573,25.14938,6.95709,11.60585,40.72588,29.54821,0,
30.09048,44.40998,2.48490,20.66609,46.03586,28.52220,40.77858,41.10175,42.63881,1,
36.57797,43.98121,37.03916,0.26312,25.53080,11.39744,41.62554,11.06294,26.14063,0,
22.09264,4.36161,19.65961,36.54854,17.74066,38.31998,23.67017,10.18339,34.70219,0,
28.33826,20.26670,20.50899,36.94346,43.91441,7.70175,35.29800,3.56658,48.12741,0,
4.82907,10.23004,2.98296,19.86322,29.25061,36.52310,33.44128,33.59535,7.51416,0,
45.88293,24.59654,47.53187,17.88433,13.85719,2.18315,37.63785,32.77664,7.40782,0,
11.10769,24.29308,49.09484,45.59571,14.19034,2.10386,9.87810,11.13753,24.70355,0,
19.73988,29.27980,24.85688,42.38578,31.15228,8.25748,49.28019,31.84792,31.17637,0,
19.54047,15.27189,47.62540,9.68622,48.21396,45.46471,6.82417,35.11871,38.80179,0,
0.00896,43.64837,13.96101,24.11262,26.43866,21.42315,17.26418,19.13361,44.27643,0,
29.77742,6.16114,21.76616,38.33912,2.30602,1.33964,14.96722,37.97890,35.69279,0,
9.17384,23.69269,30.00340,18.15156,35.24633,13.77237,45.78918,47.68448,29.22024,0,
45.44129,9.36182,19.09091,0.47029,14.39614,31.90389,32.15140,11.25158,7.53978,0,
7.04167,27.90491,47.35555,49.67532,46.46037,0.83926,19.11828,23.82370,38.11956,0,
44.95146,32.71907,38.95844,35.98941,23.51183,39.96243,42.61586,49.97260,6.10980,0,
27.29189,46.40023,38.89095,12.01633,44.52850,6.14539,2.33583,4.55754,23.44088,0,
47.77951,32.75674,13.90383,37.81316,1.60100,38.95302,15.62139,19.28670,6.19425,0,
10.17585,0.27207,19.96652,23.82248,3.50807,5.24019,16.38338,40.06765,31.50357,0,
19.35762,43.71197,18.24247,10.48160,34.01456,34.59584,8.84192,6.53436,11.59730,0,
27.03541,11.07969,9.86459,8.51102,20.44755,31.92232,45.23609,21.19253,37.34577,0,
21.38780,44.58054,3.95535,10.36303,21.92354,2.52439,13.25027,32.52178,46.45476,0,
27.81893,30.21888,28.56876,20.93558,43.41011,37.33938,36.23289,14.12492,18.43138,0,
27.42251,45.78981,28.47230,20.83314,25.35717,37.41615,9.31720,27.15214,9.37587,0,
5.32252,21.20490,0.12104,1.41817,3.65133,17.99514,7.92142,16.43012,45.08348,0,
45.17844,46.67790,43.77963,22.86717,15.40831,26.30672,40.43969,17.37785,1.18974,0,
36.11450,7.37773,26.78837,31.23406,2.89749,48.08130,18.10973,21.85226,18.18410,0,
35.28097,23.42810,46.61225,43.66370,41.29536,9.79327,34.75550,29.76138,29.08836,0,
5.81570,1.40848,29.40391,17.55599,23.29736,0.32760,19.91199,10.83771,46.48774,0,
27.72550,17.58314,26.36528,22.39931,24.81335,48.24887,13.66786,19.20148,40.25941,0,
2.45425,3.97680,1.98057,44.96222,35.38819,31.67936,7.10603,24.37909,4.53562,0,
45.30041,6.05049,15.38691,11.76415,33.78555,26.49573,15.21739,37.24125,14.73221,0,
4.74749,14.95441,3.37168,7.16000,1.65023,8.36404,27.86443,2.60626,21.98737,0,
38.09672,27.21538,41.27943,21.23133,15.79353,9.33110,14.84075,29.68092,43.19071,0,
15.57207,35.36966,27.51644,46.00588,37.32589,16.83617,33.41367,25.81382,23.87109,0,
39.18141,26.99868,9.50858,49.71242,3.51330,31.00482,21.46223,36.81446,9.23308,0,
36.94108,37.38539,8.00303,24.87610,18.30000,49.45230,8.05680,23.29583,34.97203,0,
1.26964,1.48631,33.48175,7.37667,2.43803,30.14651,28.00531,16.59476,4.52284,0,
10.90240,1.40252,34.27221,25.93171,4.90856,13.41702,44.91557,15.95130,27.44263,0,
41.25740,13.65023,49.14129,42.86356,35.05884,16.40151,34.20458,10.77254,49.37141,0,
1.05282,43.71167,4.01919,19.12025,18.09715,30.12970,43.97886,15.05386,48.25693,0,
5.47253,20.42193,35.97183,8.03616,41.36898,34.66854,19.45823,20.68016,30.74806,0,
34.53455,2.67996,47.02449,18.02419,32.17732,36.67091,19.33488,48.34409,47.70084,0,
38.01935,21.13476,8.59379,0.46063,20.88912,48.66785,10.76197,2.18727,37.33973,0,
13.70644,1.68945,36.05213,42.30478,7.81993,18.29100,35.09350,39.28425,0.71865,0,
49.39650,9.24573,19.63886,9.37661,33.33170,35.37848,6.92360,37.36629,10.15933,0,
26.58489,5.58377,26.23514,33.81610,47.37928,35.75876,47.55110,19.61254,45.15827,0,
16.05778,26.25696,12.79148,19.80238,34.54992,4.27230,30.56898,25.67488,32.55664,0,
35.59717,46.85684,37.12845,23.65258,22.52031,10.55129,2.47030,15.64071,21.32935,0,
21.67584,49.54072,6.37106,7.68477,8.00290,10.44593,35.80103,13.74178,42.29687,0,
44.57020,33.18910,49.46861,30.83252,0.28982,34.26709,41.95504,46.52709,1.97071,0,
7.79500,5.46761,37.49248,47.91708,12.02006,29.35952,48.23910,44.90165,33.35608,0,
17.20020,43.34632,18.18663,16.14788,20.33432,7.81329,5.17065,30.09938,13.90412,0,
0.67171,34.91175,33.70416,12.27076,7.61958,38.56551,32.96254,6.41854,12.88196,0,
31.87346,44.70433,20.90537,21.14164,12.71238,46.32366,45.99858,22.79935,24.67200,0,
2.38457,30.39240,25.72558,13.74274,23.55297,15.66730,29.34579,20.56214,48.36565,0,
12.02408,46.96217,27.72167,8.21030,43.49904,1.22450,42.17564,20.00706,48.41228,0,
27.85192,36.37057,39.83003,31.32317,6.48371,11.42661,13.86346,20.50675,13.78899,0,
15.89981,2.75171,41.75450,8.44877,23.91629,17.99262,31.05791,13.90267,6.10855,0,
21.62915,29.62158,20.98641,28.23464,47.66203,0.78901,3.27214,2.36781,28.73892,0,
0.66538,23.26616,21.84133,41.37716,26.40941,19.54233,29.23226,27.06972,2.42332,0,
39.70468,33.37856,3.49280,8.59722,11.54899,49.07585,21.14388,17.35733,27.37769,0,
23.67232,39.44143,40.07777,44.25765,41.26800,46.27988,8.43463,18.85303,45.02045,0,
13.62534,29.36832,46.58329,13.48480,0.31413,42.94804,38.42336,2.78238,25.99363,0,
14.26435,14.00011,9.77083,22.57237,0.22427,1.52248,38.92400,14.09261,46.22191,0,
12.89935,40.66176,14.96320,21.23454,10.38326,25.47029,41.71466,43.83008,28.94064,0,
28.64914,5.13549,43.72552,11.04052,33.33373,31.87237,5.97177,39.50970,47.46587,0,
23.36535,48.92479,4.83015,42.42341,1.08010,48.96521,6.38498,47.99479,46.94540,0,
17.50936,28.30675,26.55742,33.00703,36.41350,24.49111,27.46603,46.54751,10.40451,0,
3.12690,39.31964,37.31828,26.65175,6.07915,2.68544,30.36043,20.99819,21.92525,0,
22.96818,23.95278,36.51556,48.77780,42.00872,29.54952,12.35886,31.37613,15.47471,0,
2.49445,10.70332,31.09770,4.03125,32.60949,42.90469,35.87376,3.80492,13.82513,0,
18.95631,45.12839,11.47512,44.44257,32.68211,38.93146,8.26664,0.99812,35.72782,0,
29.43259,29.46984,37.20680,46.54710,16.43863,22.82455,17.37815,8.61296,24.72054,0,
28.19400,42.22898,19.24405,27.58688,39.21366,9.70524,23.29163,18.31809,28.72435,0,
28.06357,38.77286,32.26779,24.81496,33.01790,7.44785,14.93354,34.13146,40.80032,0,
29.14609,6.18713,43.70253,9.60400,11.13386,7.28248,27.18545,12.19765,12.15724,0,
6.41850,11.57896,36.70444,1.68269,33.43717,27.01649,49.14722,12.90729,9.20099,0,
5.40821,16.83256,33.51494,19.92679,17.62299,14.76266,5.42702,16.30133,45.51704,0,
17.41853,23.69378,26.60588,0.78447,31.29729,32.84681,12.98777,27.43462,40.02909,0,
5.29654,37.71788,21.37646,43.06206,42.82025,37.65642,17.20888,46.59529,30.17065,0,
32.51790,21.39825,40.77843,36.39906,26.42458,32.51633,11.43410,25.99681,24.98678,0,
34.25336,2.81030,8.80827,4.07729,32.22232,41.44467,2.30804,32.04605,9.19988,0,
28.17815,24.08761,19.58234,11.70157,15.67307,26.19414,9.74684,20.47493,0.67711,0,
3.27871,23.84334,14.44333,14.82582,23.77805,32.80878,42.93377,14.81480,29.68478,0,
28.77945,17.52392,9.04634,17.43617,22.23407,8.24549,39.96961,3.34919,48.67735,0,
14.88952,6.64458,12.34262,37.28130,38.27547,49.73778,40.31808,46.32443,34.62136,0,
14.52874,23.63377,6.03407,0.09295,45.52783,42.14593,13.93594,11.65990,0.80159,0,
34.31572,4.79991,40.94751,0.58601,7.39524,39.27939,25.27169,10.31346,27.21483,0,
22.97445,37.78741,14.31030,45.15697,14.39678,28.99840,44.67384,27.29467,23.81540,0,
12.12269,45.38208,8.36076,25.65130,35.68452,13.71860,44.52100,19.90033,16.88102,0,
40.36538,31.19559,36.58598,15.58284,21.09311,20.95978,10.05992,25.43604,22.28837,0,
48.11346,13.61400,22.66701,40.40164,16.57598,3.49745,32.19861,43.95037,46.59550,0,
1.39002,21.27143,23.30541,24.29184,19.02541,10.87317,6.96367,6.54776,45.82021,0,
0.45203,28.60860,13.25218,13.72258,40.74045,36.52204,39.97275,22.94927,0.46173,0,
4.34619,39.57089,9.60330,38.57644,43.93770,0.76328,41.00021,4.01680,1.78592,0,
26.41862,18.29860,2.77129,10.95700,43.14707,47.80429,3.53719,20.60086,27.28591,0,
39.20880,5.58989,27.27803,6.45727,43.44118,12.34875,5.45993,16.51681,29.39467,0,
2.14149,19.85351,11.00752,7.53687,7.74252,37.81081,49.30903,42.34486,32.30758,0,
37.58850,44.07089,47.28050,10.74669,33.78774,10.71336,19.71750,0.06405,0.62822,0,
8.93122,34.19501,25.43130,11.88767,20.06156,43.79563,26.74202,48.67568,34.72081,0,
37.02576,2.43773,7.55325,16.22363,0.62429,42.79273,42.80043,23.89245,17.83238,0,
5.15328,37.26972,4.89314,15.55646,4.94487,8.97702,5.29782,3.59139,29.83778,0,
36.00965,25.04390,23.19623,32.97122,32.37003,39.56169,43.31585,29.67553,1.62612,0,
29.74650,3.30397,30.43591,24.38597,36.82742,28.44825,24.67017,35.21483,8.70653,0,
30.87135,39.27949,39.44787,38.21485,11.74275,39.90368,16.99009,22.50111,27.28026,0,
24.15622,34.74333,9.70598,13.18675,33.46009,0.19698,24.25606,43.09177,26.87918,0,
44.89371,20.93769,20.64958,37.31003,36.70105,13.57676,18.25719,16.35762,11.99869,0,
42.45029,20.27547,49.00756,14.90404,29.75639,4.75323,40.60438,38.13375,31.85302,0,
8.68111,43.59864,10.73527,23.16193,37.83072,8.44641,41.97638,28.01603,9.75873,0,
24.49467,38.00128,8.80953,41.19723,37.81622,0.91525,39.77701,2.22628,19.08606,0,
15.92728,1.10355,45.09215,17.63352,8.38060,12.79172,46.00389,37.59061,8.17867,0,
13.51333,16.77412,20.96380,18.12937,2.99031,19.93200,23.01992,31.74989,44.52159,0,
16.75884,43.14816,5.09194,29.85040,12.80511,38.19613,31.46315,27.77676,34.62329,0,
3.44349,32.38704,15.94634,33.12483,6.04195,44.81535,9.27220,28.20352,46.09268,0,
44.14580,47.08983,3.25003,18.91898,24.85749,48.25805,4.67501,47.81367,20.54140,0,
24.17731,9.36280,26.54235,39.57980,10.05513,19.42654,1.21867,46.20288,13.55470,0,
0.04788,8.31748,30.38609,39.52902,25.95986,24.78730,29.36700,45.41671,3.57238,0,
34.49452,48.75041,35.78395,17.15905,18.49744,6.59148,43.81523,9.17383,17.81673,0,
2.34445,35.28928,46.76001,48.21392,44.78983,49.19027,11.24365,17.44327,25.85424,0,
14.33110,12.63864,36.40655,20.11957,20.63261,4.78196,32.72770,19.74398,42.62223,0,
7.51764,1.91739,43.81965,44.89306,21.75698,4.96794,42.28380,16.26938,12.55676,0,
25.76783,33.85841,36.78535,34.50944,3.61402,5.77797,7.54137,38.94819,6.83120,0,
9.32486,8.53184,19.50721,8.52746,31.82720,8.29499,25.25136,10.91252,12.35696,0,
27.78810,27.69006,28.67626,23.58258,8.39453,36.57425,16.94875,28.14353,27.25055,0,
8.66271,43.32153,34.17731,13.43399,43.38328,11.75669,48.04606,42.52639,40.64859,0,
24.94130,29.65953,46.61245,32.60520,21.80746,7.51711,37.50333,12.90477,2.43181,0,
15.14925,10.38566,17.61566,37.28073,42.71401,14.78614,13.45684,17.71410,34.94370,0,
24.02717,49.97339,14.20553,0.78077,11.57969,34.71675,3.20380,33.56413,14.58518,0,
31.79325,32.14973,26.55902,6.83154,16.14128,26.15561,0.65047,7.87033,28.43932,0,
33.55916,4.75902,13.93845,15.92860,46.25682,29.46423,38.67554,41.03967,12.76838,0,
0.07338,44.11130,38.29399,43.34351,41.05338,21.37813,23.04141,21.23745,12.21946,0,
48.62355,17.63933,44.59131,6.08733,6.58483,37.65156,28.37014,8.57780,29.53474,0,
38.03468,35.96240,40.18958,27.32066,27.92144,27.63790,20.11782,0.74504,13.30888,0,
41.69576,39.28497,15.99251,19.26710,32.33614,25.99785,31.36295,35.50383,44.11854,0,
44.92239,20.71969,41.06559,1.86297,33.90561,47.58524,22.59448,48.10697,15.35006,0,
35.94827,28.94797,21.37658,16.76949,14.02141,17.48101,31.08765,33.31453,12.94689,0,
11.83716,14.25893,26.62765,27.01583,10.33231,17.03961,28.65423,41.11277,47.93572,0,
8.90370,32.97019,13.48040,12.32844,35.77440,7.12813,27.42563,38.07049,48.46643,0,
14.69653,43.74864,14.35506,2.97162,34.37816,28.92498,26.03486,12.58293,3.69815,0,
45.78369,10.93683,31.87047,11.82803,35.73815,38.71319,19.38091,35.19709,10.16666,0,
22.88887,6.28691,42.32397,15.98775,2.86002,9.17081,12.17338,38.18715,15.96033,0,
24.51385,34.08243,2.50884,23.91935,43.29222,10.87508,0.59924,31.51834,30.91545,0,
21.56898,29.51288,6.08399,28.64087,25.66812,16.94736,41.74732,1.01881,24.91042,0,
48.93575,15.05828,36.43694,46.05142,20.24152,6.48227,47.42861,19.45369,42.54641,0,
13.16422,25.11509,40.50687,48.98085,2.76357,21.60357,39.22491,29.25714,47.35614,0,
22.19975,11.92219,6.07522,30.36479,49.01221,26.96055,11.74561,42.98983,45.14292,0,
23.80232,29.10223,11.29974,27.40849,37.20815,32.42400,17.90937,2.22673,33.29208,0,
9.91844,24.44164,15.94126,33.03528,45.23230,9.87240,26.53324,47.56882,9.58079,0,
11.07880,34.38371,6.44363,0.34723,10.18620,26.87950,5.11741,39.09897,25.22083,0,
19.85575,17.55033,30.70459,42.19388,17.37383,5.71189,23.84562,47.32062,30.99678,0,
18.48052,31.72707,49.86633,9.18181,20.96745,21.49238,25.49070,12.99544,7.17382,0,
13.79021,18.88597,40.73992,28.28017,24.99796,28.64807,39.09566,2.69533,41.39394,0,
19.64881,48.25126,10.52266,14.61838,38.93406,22.24387,30.06369,36.30969,49.09257,0,
49.41406,47.85405,15.04282,38.95034,48.60507,16.44506,32.63894,0.70818,4.75420,0,
41.26188,6.54447,33.68879,24.58143,2.82737,10.64895,38.28647,20.84504,9.74782,0,
30.55476,2.25513,9.52883,15.32485,11.47932,38.87627,47.78743,36.01741,45.04403,0,
19.82046,18.08881,2.94234,29.98461,25.91178,10.39292,23.95312,47.81906,7.42968,0,
26.96425,37.95066,0.11490,28.62082,33.00769,39.69708,22.21209,20.31843,26.20251,0,
13.11700,48.36810,28.97782,32.09234,12.62646,23.60261,2.34026,23.50572,22.65667,0,
9.82339,31.59553,33.18774,25.19215,12.57410,30.08286,8.13008,34.32903,12.88417,0,
19.17495,16.27893,32.77536,36.18814,17.73533,13.29201,22.30871,12.35794,26.83656,0,
29.18127,23.63188,40.78087,15.01987,24.61204,36.36503,18.69170,46.52604,35.16580,1,
24.67326,24.50088,5.35006,6.31058,12.76257,29.45827,6.56449,27.22287,13.35010,0,
43.85283,0.48612,9.50065,28.69216,8.84770,39.05609,47.08464,16.93333,5.18905,0,
43.78428,1.83922,25.76587,8.77992,19.13240,2.33806,43.85721,11.10114,8.20665,0,
35.10943,17.66632,43.44915,43.59077,42.53756,8.03824,49.32573,41.92246,2.53553,0,
23.36446,4.07686,39.87563,34.11532,4.88363,39.62056,6.59873,44.84225,34.63434,0,
28.06746,10.56547,41.97266,26.79064,43.89386,9.89411,23.64132,13.76123,21.43626,0,
47.05172,43.20800,3.97218,17.50274,41.37742,37.62192,19.00320,46.56576,5.53030,0,
36.04775,8.66349,39.07456,21.57247,33.39552,31.29127,13.38938,10.76702,20.75741,0,
21.98800,12.22654,38.82846,42.34933,4.64564,42.13312,45.42258,28.47813,47.72899,0,
20.98405,32.81960,3.54955,1.71513,49.44236,12.30506,8.21566,32.74970,8.46363,0,
46.31737,12.95470,21.52642,8.94966,27.00145,49.14611,30.11987,36.45123,26.53511,0,
47.25972,31.84984,42.33043,43.90194,18.47909,42.69016,8.93084,6.11334,26.19693,0,
26.01908,12.23743,12.42463,44.96644,21.44032,11.71256,45.82274,44.22876,12.22291,0,
47.37493,35.25877,39.38431,46.12453,49.07063,0.35017,3.34376,10.68602,18.93457,0,
47.60864,35.41803,48.93483,7.57380,48.63355,20.47529,33.59233,41.15609,46.02598,0,
23.93289,40.18581,6.34489,43.63091,7.82244,37.63190,14.25127,41.03295,39.76961,0,
8.96645,47.72289,1.65003,32.92409,12.57622,30.29147,4.52496,45.48454,40.16876,0,
5.61520,5.68477,20.25409,41.83277,9.19617,24.27524,45.15015,32.91868,16.96140,0,
22.98974,48.36521,2.53282,23.26635,36.93006,44.06125,45.08772,13.27289,8.14080,0,
16.15840,0.15689,30.57178,25.61768,9.31686,46.22118,0.97278,7.70456,36.91298,0,
24.94340,7.83655,17.67226,14.41893,47.45195,24.51043,25.44203,2.15808,28.08617,0,
13.00968,37.61786,10.34136,48.61662,20.54919,23.55024,37.15157,2.89839,45.49748,0,
24.32597,28.52534,12.05094,33.47446,2.03706,37.63456,13.78841,32.92095,41.01541,0,
49.69242,11.78386,38.08359,46.61030,34.32826,26.61815,10.49570,7.93953,32.37451,0,
3.39764,37.18283,48.43458,30.65649,2.72186,3.97740,5.09176,27.77872,10.45615,0,
9.60560,29.50664,8.61059,47.81692,46.93166,16.46136,24.11068,25.92541,1.89149,0,
2.88398,47.71947,26.46488,27.49421,19.47507,31.96293,0.94441,33.21945,45.13490,0,
9.63200,34.92087,14.02975,13.78360,31.43150,26.45585,12.54796,28.55601,10.02109,0,
2.38113,38.20096,48.26100,10.31341,27.29217,11.65081,39.88414,5.75310,1.85131,0,
4.43672,34.13624,42.96656,0.19329,36.69551,35.70260,32.50206,49.51909,29.35436,0,
4.10585,42.54884,18.51485,15.13474,20.90655,10.73522,27.62300,13.29619,48.83369,0,
43.94177,19.62710,40.33900,41.76555,48.12872,5.97478,11.21516,16.05493,8.32586,0,
35.22983,4.63302,0.61592,49.60605,13.78344,46.47734,47.32064,29.65400,32.09261,0,
40.39669,15.91853,9.19022,13.89221,1.07355,26.38200,49.94462,3.66234,35.13153,0,
46.56076,6.11416,41.69940,36.82772,9.94643,46.93343,12.31694,17.32575,5.70976,0,
32.50409,7.32231,35.41544,20.54214,29.50568,1.48272,15.85964,11.32733,47.68929,0,
24.77814,12.22047,29.79817,2.83195,41.25619,34.78840,4.52250,9.54080,35.46659,0,
28.34847,25.32382,10.83055,47.77292,41.04302,27.17796,6.68146,33.46975,45.79936,0,
35.42332,32.52185,21.42574,44.36610,32.73804,39.29567,14.59191,1.47467,26.61490,0,
32.25742,18.27962,34.50827,11.33735,25.32784,7.49896,45.75274,47.55113,10.86839,0,
34.87620,37.11228,10.49502,49.66946,40.03619,48.14123,15.42307,12.30957,21.38787,0,
45.51904,19.97654,49.41190,48.55445,42.91024,14.75285,10.36800,33.25424,8.13598,0,
17.38972,22.39086,20.49031,28.20856,47.25680,19.71106,35.32764,2.11236,26.12411,0,
42.16901,46.82200,4.36903,33.57980,30.27807,47.39089,42.68164,15.74802,10.16544,0,
48.77034,48.12814,13.26437,26.96734,12.12580,49.50897,5.62750,4.26674,5.46896,0,
14.18697,11.27830,16.93432,32.23629,4.75287,20.28330,11.77185,20.42307,47.98439,0,
16.13111,34.32150,23.34306,7.49850,2.00994,18.81292,43.11040,1.96348,0.15299,0,
2.57787,39.91510,27.37378,45.28001,16.74164,1.36844,18.42160,36.57918,45.42791,0,
48.74329,27.86635,38.40538,19.84731,27.69958,45.77001,47.14736,29.61939,0.04782,0,
22.85129,24.44993,24.28077,44.87949,21.92516,21.02115,26.64299,43.14111,37.87317,0,
7.47374,0.79145,43.59157,6.66286,8.39278,43.17117,49.12384,2.95616,22.85515,0,
3.66223,17.75985,23.53933,43.11466,25.75132,21.72332,36.35592,30.58637,34.26170,0,
