col0,col1,col2,col3,col4,col5,col6,col7,col8,is_centroid
49.45107,10.49770,29.13030,22.21481,13.87272,23.24734,48.75773,45.24986,9.21445,0
30.70473,3.36506,41.63538,7.23379,37.05289,33.43922,38.50439,13.26087,33.34488,0
11.03745,20.91703,18.03807,22.46002,31.63299,6.93980,16.35956,8.93992,24.46827,0
7.13930,19.53760,36.87647,25.30729,26.54167,15.54177,28.09600,3.16723,42.78495,0
39.46029,39.43027,45.05341,1.28077,22.58752,16.07185,44.14956,4.32284,11.09364,0
4.72841,26.56380,26.87877,42.80564,26.81487,36.33797,29.88765,18.67166,30.76159,0
28.49088,45.46411,8.09094,20.77439,38.94036,20.44553,41.96990,31.12494,30.16689,0
34.13391,6.66040,29.91020,14.18667,27.77165,24.58827,13.69863,6.86783,0.08729,0
33.77224,14.15619,28.10159,16.26624,10.72962,34.75076,41.41676,37.26603,47.94432,1
39.51504,2.29774,42.29490,29.61780,35.09758,43.62986,33.13980,34.72542,30.27205,0
24.31318,26.64668,33.63130,12.81180,37.20045,32.86347,12.41900,23.32451,23.09322,0
24.83529,37.75606,32.71197,11.46092,45.32191,32.84369,38.43336,46.46160,32.75944,1
47.52532,38.57594,17.10618,7.77839,11.82248,7.62458,11.41723,3.81414,2.59459,0
16.80259,0.75120,8.26767,27.31592,24.42758,28.43292,2.62372,32.75087,25.86528,0
0.92841,21.75121,33.32696,20.11055,39.58520,8.84316,3.99526,25.45274,16.72286,0
13.50079,17.10471,14.92555,33.42895,3.01447,5.25848,31.90863,36.73735,41.21187,0
28.55060,16.42456,43.04401,41.94470,39.99854,21.12613,22.32795,3.27335,44.46014,0
12.73847,20.60480,9.44151,39.05756,48.51583,37.78457,11.11715,14.01047,25.18429,0
18.25843,28.96448,35.51916,46.05385,14.66341,0.38228,30.92642,11.56460,12.08960,0
20.96390,9.15315,31.13323,17.68732,47.34945,44.88282,4.62321,37.51666,31.60353,0
11.12278,22.67157,39.88296,31.93498,34.23280,21.39300,28.46050,34.59671,30.48599,0
37.75352,17.42490,5.55199,13.73102,24.78884,40.97139,4.37488,13.34314,49.63586,0
29.74855,4.82911,16.63938,26.52614,32.85224,25.04411,48.26572,38.45818,31.73862,0
32.28641,43.41636,14.04031,22.03702,10.77749,7.17660,18.60226,2.62001,2.23469,0
8.97860,27.38324,23.59791,9.71364,21.35835,37.65522,13.38461,45.36781,45.25680,0
25.59040,24.37253,4.17597,2.10544,40.03452,5.98999,1.69186,0.71538,6.26208,0
21.85461,16.46575,40.67458,37.93851,45.61564,25.31535,20.18040,1.71836,45.52348,0
28.23296,34.52605,14.39550,6.09759,46.07847,14.69397,49.69746,32.85591,21.31450,0
45.69208,46.08295,3.68539,33.46868,23.15810,18.60443,33.61063,33.09106,32.44722,0
32.99824,42.03187,49.64171,5.76365,37.19109,37.37008,49.20412,48.52778,1.52972,0
5.47693,23.39167,26.33287,13.14957,41.77318,19.63898,34.19049,0.56604,3.75961,0
48.23991,17.88729,34.71533,26.36790,6.56490,17.78465,30.46948,11.35390,21.38361,0
10.35514,13.66288,26.56341,41.77442,1.22810,49.79926,35.21655,4.92942,19.25262,0
11.43359,28.37442,6.72155,18.25205,1.84741,2.08874,1.33266,14.00729,31.96644,0
48.72285,36.64257,48.98291,5.87316,41.35822,48.43376,19.39090,10.37124,40.39365,0
34.89351,7.83082,19.61065,34.40559,44.42193,43.43617,0.65504,13.72112,25.48313,0
44.07870,27.56526,29.74135,8.59481,7.61880,41.48345,8.74915,2.87085,27.87579,0
46.60659,41.29228,41.08286,25.24323,33.30650,18.06584,47.88161,48.04037,32.26669,0
35.67777,21.44265,3.99898,39.25994,19.02459,24.82030,17.61624,19.93024,37.90842,0
8.90487,16.45481,27.61607,1.21178,45.67203,28.14205,42.00484,4.45290,22.59750,0
28.43154,34.03372,14.60833,47.99236,4.45751,29.99101,28.51234,37.99122,4.64420,0
38.73404,47.14932,24.19778,48.31407,32.46434,17.52061,24.05202,38.27264,18.35998,0
32.29830,17.76721,3.26202,41.08226,23.91293,1.08979,49.49102,18.57638,10.72718,0
32.34673,16.46621,28.01680,17.41090,20.66836,4.35537,23.82578,13.90555,12.93163,0
18.79558,12.28389,22.70054,17.90004,30.89764,7.02437,39.87879,27.08002,25.01474,0
38.66406,47.65912,21.10143,37.44345,13.03664,49.38215,31.65645,9.12151,45.53551,0
18.56642,3.25852,36.79625,35.62300,34.84819,39.33368,23.43785,11.88201,26.87498,0
6.14702,2.54844,29.01399,24.13629,30.17337,14.11212,12.79986,10.58153,44.81991,0
34.39551,25.29224,34.80906,41.63252,18.87126,45.47744,22.78502,28.58711,42.53719,0
1.67461,36.67231,27.86608,21.60224,14.64641,24.10246,10.67069,4.19142,3.17723,0
10.65427,4.37178,7.80852,6.83509,26.53194,36.45990,33.81345,15.72173,3.41553,0
48.11190,16.35083,20.14796,6.46748,20.49754,43.12701,39.28475,14.00885,16.09191,0
19.88626,11.73542,37.07026,11.27418,15.98560,5.50487,42.56698,18.71496,31.71909,0
19.66424,43.91379,12.28281,46.88692,29.16340,6.16790,15.93478,47.51620,44.24656,0
27.87863,43.91485,47.30626,48.26951,9.20590,16.25586,29.72744,25.75747,29.60154,0
26.47155,0.96299,21.07689,49.04758,0.98616,2.29036,26.23400,32.14118,42.95456,0
8.54404,46.19720,3.71001,5.92895,36.75033,46.83554,16.66440,9.15814,10.16336,0
27.20552,11.09441,7.05159,21.13319,11.24305,40.31638,15.85937,49.37537,26.63162,0
28.07268,41.72894,0.87347,17.76059,37.77142,5.28659,15.29111,42.19655,6.22186,0
46.23583,34.90486,3.92993,45.82065,23.55282,26.84151,38.75271,27.48955,34.48576,0
41.59138,8.98668,31.09782,8.14694,19.50363,8.49511,22.42173,47.58677,10.16062,0
40.84490,35.30216,35.96791,8.95649,49.57200,9.93324,38.43282,7.60485,15.92843,0
47.57893,45.49341,38.54231,17.75509,37.29843,31.94878,12.13660,8.66095,25.92870,0
37.98722,15.86434,31.94357,41.57547,29.26087,12.58228,19.67609,0.79037,22.81300,0
0.37918,22.46089,26.59820,13.02223,19.99856,46.20420,3.97707,40.93669,37.00166,0
45.05932,19.97090,14.92556,21.85259,19.01720,26.12290,31.43129,46.14153,43.28532,0
14.11382,32.70248,17.43519,21.18157,24.67433,0.21908,33.39750,43.13434,17.94516,0
0.14857,13.76709,14.24763,23.36242,5.60688,21.75207,6.09021,2.20716,6.71252,0
43.09256,5.64545,6.43190,22.78300,40.95721,28.24973,16.28499,17.40853,39.52659,0
16.62324,5.71213,4.47767,0.34914,12.35194,49.19779,10.26147,1.94528,18.24914,0
32.74812,15.36215,13.36499,24.52669,25.28735,26.73139,24.70147,9.17459,42.26217,0
21.95780,5.18191,22.32868,36.11682,22.11015,3.08154,39.13402,10.82856,12.40466,0
28.58682,34.86312,45.46775,2.39893,46.13167,27.97902,27.73520,35.94267,24.46237,0
18.68242,10.71285,41.85213,22.11238,10.04232,13.75949,17.76676,9.48735,35.34955,0
48.66303,49.44372,38.04909,16.78274,31.59760,40.15413,41.40664,48.68574,5.70776,0
8.75511,36.64117,12.20093,5.48568,28.59122,43.66493,16.40385,8.13776,48.09466,0
20.13698,15.03145,5.73590,22.68827,44.45608,8.79755,26.85948,34.40791,34.13951,0
12.91962,21.57193,15.67905,31.82393,12.79303,12.48450,43.09480,18.80099,43.55538,0
30.68136,1.64047,19.93815,32.59659,15.07470,18.30304,42.19372,29.96384,9.52529,0
34.53669,44.70504,9.75924,16.16497,46.36379,33.46850,43.86811,9.60860,6.06652,0
37.13893,40.51729,23.43015,6.06487,39.14070,46.25436,42.08017,31.19167,12.13087,0
48.34339,21.23466,33.00206,49.64530,25.20539,13.20195,33.85574,12.76195,42.20427,0
17.61502,31.72490,9.47898,4.25925,22.36083,31.88889,19.13970,13.95844,7.04556,0
18.64666,19.12197,13.91629,36.87361,2.41876,21.20809,9.52728,19.08508,10.47075,0
46.04504,9.94340,14.50979,44.53067,41.43306,26.22866,8.29020,31.61758,21.28746,0
17.75136,41.04549,33.91830,6.58851,15.86664,14.15028,0.30818,24.93608,8.76764,0
29.83303,6.54022,48.98822,26.87471,1.91169,42.59225,43.48998,36.27280,39.13177,0
21.36918,21.42354,28.09738,10.66087,16.30071,0.39132,9.81161,40.74672,26.40519,0
37.54969,40.07524,27.95035,47.22586,10.70973,39.87513,30.39023,18.81585,30.76937,0
48.23742,45.79535,13.28494,47.78567,17.97890,41.11217,5.92085,41.94144,47.63545,0
48.40491,10.89176,39.31723,28.12036,26.73893,16.09474,23.14311,12.08988,1.98981,0
46.97809,40.01351,14.31045,13.87866,15.96665,30.04368,6.51656,12.04515,35.84066,0
43.47151,42.24334,29.40441,49.71136,34.42222,18.67815,44.92934,11.89804,43.69961,0
27.34884,4.88478,42.31260,4.75629,44.18354,6.33164,35.64519,44.27498,2.75104,0
36.55633,16.20205,3.04743,4.99093,4.07656,27.89975,5.15592,26.13215,29.78037,0
35.45274,48.90923,17.83120,14.76807,21.01898,16.98553,24.59535,1.48033,7.92956,0
42.64439,13.52130,29.51389,39.19110,9.03513,45.52646,6.84044,40.69381,18.70291,0
14.42888,22.75013,19.72374,38.50843,1.18679,24.79572,38.79802,26.06900,11.03420,0
29.30446,8.83921,22.51137,4.07958,0.46109,10.61238,27.17078,38.51468,38.42725,0
26.62227,18.96337,44.52836,4.21722,46.94329,1.82843,22.90248,12.03360,49.34688,0
14.02754,20.71672,30.73247,1.53781,11.18706,20.78223,18.23796,31.47529,9.17646,0
19.83928,18.67257,39.69945,15.31908,19.52263,24.95322,15.73607,10.82588,41.52041,0
22.77727,24.37197,17.43411,21.80962,18.54064,13.02898,36.63052,38.74840,29.05619,0
3.82290,39.89408,8.10028,42.87944,5.98206,44.05611,35.26337,34.05130,47.36844,0
4.37795,20.56731,25.04438,18.07174,10.24234,9.49109,7.62844,43.54568,3.44910,0
48.74368,14.36650,22.85455,16.49181,18.36860,13.64645,14.37410,2.01561,8.25489,0
32.23356,33.48695,49.17452,24.29876,27.86820,20.56128,40.48731,45.64416,41.11201,0
43.17616,37.31979,28.25473,25.68872,42.15154,40.06914,24.10598,0.17108,0.58331,0
43.85934,5.00048,29.82445,7.63977,10.32129,40.43158,8.88000,37.15467,32.16863,0
48.88214,16.10225,17.89656,46.06562,27.13639,31.11625,35.50406,24.06640,24.44366,0
25.65532,45.86280,26.28718,45.13473,43.49406,10.40086,29.30960,41.59924,0.66310,0
33.87009,37.27824,47.03363,32.91047,7.54333,49.39284,49.29007,36.19017,27.17572,0
38.84480,28.30956,24.50013,24.24483,28.57728,16.42151,0.53543,28.92140,25.70357,0
8.53181,43.81926,13.88865,15.76545,33.93230,35.06587,8.25130,40.56162,10.32551,0
34.28647,42.39041,1.91316,30.39357,43.98661,28.93246,2.62149,39.04225,9.67884,0
39.61931,38.07380,27.58143,47.21337,45.82329,2.19080,23.75250,28.93383,27.56072,0
8.93768,37.90757,9.05083,28.42597,2.25275,28.50090,29.07130,14.93248,2.23185,0
20.04606,43.67127,28.63941,28.13827,10.65093,43.31249,25.75393,32.37320,3.32874,0
47.56530,38.37949,39.61881,9.37471,13.79752,6.97202,17.55723,5.19357,15.74230,0
38.25683,41.88850,10.91934,2.52632,8.86582,33.89304,32.43571,47.00200,26.13551,0
6.51748,46.68627,41.48456,48.48731,10.80746,39.74507,17.00489,35.81564,6.00993,0
46.77675,45.86473,37.06784,0.10654,21.13922,48.86117,35.72344,2.60655,39.63841,0
13.67404,4.10466,1.35305,23.34996,6.90435,26.17185,35.11421,26.47023,16.71489,0
1.70850,29.43692,19.25162,7.31663,41.33007,17.91585,38.15407,14.14157,2.97738,0
12.12933,17.38794,41.03295,17.41782,28.31886,28.06826,3.14821,40.80044,42.89152,0
23.52381,5.42743,27.47656,20.90114,36.05154,28.45359,18.30545,25.55926,15.13655,0
40.48659,26.89981,41.83619,41.91345,21.83846,26.96096,40.46697,12.22769,45.43134,0
12.51630,41.92958,45.84490,12.63869,30.02186,40.76994,16.77443,7.47984,30.55396,0
35.02798,24.43467,26.02527,37.45570,22.58884,18.78404,43.11380,6.08180,13.31369,0
27.25049,38.64517,17.03558,41.85711,21.61064,29.49298,40.31524,21.89599,5.73446,0
2.44010,5.33599,40.61173,17.35243,45.82384,17.26801,39.96415,34.02603,28.04527,0
35.49291,26.97035,8.88812,7.93729,14.05082,7.36377,49.37028,46.04145,11.99304,0
42.24267,8.26780,2.77635,29.60386,2.99661,27.73893,0.34855,9.24761,26.15489,0
7.79410,21.92131,48.11671,17.97281,4.41524,5.19156,5.16316,1.17520,30.83901,0
35.73649,9.93114,8.68717,34.65750,45.89105,2.62451,12.55488,40.75226,48.40479,0
22.73614,48.60328,37.09934,37.52661,41.96981,40.82221,13.32039,16.69222,26.23667,0
19.79297,31.35749,5.96829,7.91667,23.95844,20.17786,43.67956,27.12768,49.85704,0
48.89299,22.45376,17.53937,45.19562,46.06399,16.73374,28.09049,23.80117,30.52085,0
10.61418,34.37391,0.01648,9.34855,49.49512,31.01365,33.32729,35.88523,33.88836,0
46.21256,48.76467,40.28910,17.16507,37.74818,11.67265,19.32216,12.44634,42.59840,0
22.20021,13.83277,29.33257,8.35639,10.60164,21.01085,24.07728,38.38227,32.74089,0
27.59594,6.91803,12.57260,31.78695,17.42646,35.44037,45.25570,31.06255,32.71638,0
15.43364,23.85816,24.05629,27.89129,36.33801,10.91495,11.15669,14.41989,7.42949,0
22.51006,30.12945,29.61524,35.51443,31.17941,34.55879,10.71866,3.28564,48.29340,0
17.56460,18.74557,3.79157,1.48585,18.47799,41.22909,7.91797,37.30010,13.30481,0
13.00435,31.93739,43.39267,27.89945,3.36469,31.10983,8.37381,4.48712,41.42081,1
9.79127,10.43872,16.13888,23.46691,18.21382,42.08722,1.32097,10.56668,47.44018,0
30.10596,5.55503,17.73693,45.66750,23.65628,48.23914,17.78356,1.93653,26.98244,0
23.89074,11.25494,49.33740,25.78467,1.34524,44.83367,15.31585,37.00648,15.40511,0
10.02640,46.02831,0.99988,7.05888,25.08751,33.33914,34.40105,14.91898,1.14149,0
2.28624,43.15644,2.01168,24.18158,49.34941,33.46309,0.79297,47.75478,24.74525,0
13.69817,40.47030,20.47809,23.20887,36.59390,37.21232,4.46951,40.68242,3.75070,0
3.71306,40.10846,24.71522,39.75505,39.09949,40.43827,20.03154,13.24026,0.54716,0
9.02517,39.39954,20.30867,13.84107,27.26728,45.00699,3.00613,44.38130,8.60907,0
32.49832,4.21626,40.25578,22.17321,28.60233,36.71130,29.33799,9.01446,23.33977,0
32.34078,17.05680,13.64323,11.04641,44.25407,0.62583,32.23370,45.47672,43.08238,0
23.77091,47.97728,48.67103,44.78769,2.53618,13.99493,18.83971,43.05439,48.71331,0
4.73470,33.38295,39.96863,3.61982,45.15026,48.74426,2.23898,16.56766,30.93850,0
28.91152,3.88493,36.50494,42.90010,33.33999,48.92004,9.03810,34.68559,48.15399,0
49.86031,41.17912,8.84667,10.54909,20.39366,15.14717,25.37060,13.54833,34.51801,0
47.32452,44.30772,42.03563,25.43343,46.79317,4.88459,49.21613,20.36653,18.26267,0
2.75966,44.62230,47.85149,17.50773,23.57760,16.80869,10.29676,18.99331,28.18355,0
25.73928,5.82600,40.51928,27.56325,27.53939,39.02922,33.19402,7.20963,48.74976,0
39.51564,6.65514,29.20060,26.43162,21.20483,30.91781,34.13150,19.05187,16.98819,0
46.36447,35.56641,20.13854,36.26990,39.87052,10.23660,46.02518,38.85431,0.92448,0
28.23107,15.49702,39.14109,40.71261,2.18880,19.01788,25.23434,38.98071,29.77794,0
12.39744,39.87034,2.05195,25.15732,8.37824,40.05435,33.64316,16.84305,4.69527,0
47.72648,27.93356,23.71125,18.88379,2.91981,3.50642,36.91233,43.53298,36.51918,0
39.10115,47.99245,23.33980,49.24323,29.15081,31.22829,25.65371,23.19070,24.29611,0
47.55104,42.80589,14.09294,19.70643,3.30759,42.14726,40.58920,15.94561,17.70145,0
22.43097,6.88432,2.15291,49.30377,18.32046,19.70149,15.16621,21.46605,28.24220,0
0.99054,5.62718,12.32695,34.67677,22.68682,0.67569,26.42828,16.16196,45.06898,0
16.09773,31.06084,16.34992,23.87652,37.37265,27.54562,14.20149,21.58104,3.23155,0
41.77301,21.49393,45.89550,38.29257,35.36157,43.09998,31.36169,7.61458,34.82230,0
10.92370,26.80343,48.08520,44.62963,1.09638,28.33243,1.73667,17.39703,26.14430,0
6.09488,21.87977,35.28433,32.72239,11.05700,11.19247,8.15890,37.80435,20.24334,0
47.00261,31.74051,30.73308,3.65837,3.98535,44.15396,18.66875,28.01213,20.45674,0
37.45459,33.40570,31.95960,36.19745,45.68096,49.04279,12.46643,10.09814,12.97932,0
38.70439,0.35347,6.58517,9.40484,21.99007,18.03014,0.73335,33.22909,14.09956,0
43.64678,39.57438,44.70165,48.92015,25.46737,30.20881,0.17918,40.88583,43.72034,0
11.79761,32.08642,18.36222,36.34271,18.95594,47.98200,25.05018,11.35236,25.10678,0
26.75785,44.30846,19.16413,40.19759,13.42364,35.58726,2.11832,47.28726,43.56812,0
39.27937,25.95253,24.88680,44.66260,32.12428,5.19534,20.19012,41.44656,14.52498,0
46.96379,24.22908,26.20694,1.97348,23.28519,44.81943,44.58641,24.01372,17.38776,0
6.79467,37.64093,44.28093,28.33986,38.77311,18.87131,0.19497,34.37288,2.84148,0
23.43148,27.02413,44.02910,11.42217,46.70542,20.76381,24.30732,49.58596,20.03248,0
36.06944,27.73886,43.52377,6.19414,21.80468,13.42128,2.01145,34.29554,11.23503,0
38.35479,29.37004,33.42313,42.92931,22.52985,23.87070,7.65763,2.15384,34.92725,0
9.47156,41.69968,44.41256,7.47089,48.66872,16.59058,23.17375,16.56092,28.91453,0
18.46089,35.26144,15.90036,24.99013,19.46854,28.99065,21.72470,25.77866,36.07412,0
23.33198,40.90600,41.98936,0.40962,20.74551,10.88493,31.35124,6.49736,3.56586,0
37.80018,41.61651,44.91646,31.16192,48.88225,6.64697,14.60234,34.38317,46.33035,0
28.62148,14.27969,44.21167,39.34309,40.82278,12.99510,48.39946,42.63877,30.48749,0
17.47831,7.85777,10.20404,1.62572,46.37075,3.54494,19.64465,44.16217,41.72717,0
25.83684,6.81081,24.45756,41.88079,45.94333,42.67556,12.96065,21.33589,14.08590,0
2.29127,26.93293,31.48356,23.60936,36.45820,2.31877,45.37626,12.67107,27.25876,0
32.30948,36.92738,36.82447,49.66462,44.64798,43.94350,13.03059,18.43788,1.11515,0
24.32150,7.13779,5.01350,49.99513,17.68700,49.53815,13.14218,19.15412,27.25755,0
2.14128,39.33194,47.39213,26.80968,47.28284,19.64564,30.46896,32.89976,17.59362,0
8.47340,43.06415,37.94527,47.80272,37.66620,27.27509,44.44154,46.80309,44.41324,0
9.23816,8.14832,43.17365,46.64283,19.60429,6.98641,28.01112,23.46235,41.96855,0
43.96406,11.57791,25.16709,27.06509,25.53807,46.92484,6.87819,46.72065,23.09638,0
20.49438,7.05522,35.86111,0.85743,49.67487,29.38613,22.87130,7.88502,35.81476,0
43.30971,8.66985,7.95530,20.87025,7.56130,19.17015,25.15096,12.78786,5.40615,0
42.14857,17.35027,45.26398,40.99252,4.52713,18.98386,40.97973,15.49505,36.10254,0
45.48616,35.04272,3.76886,21.80457,8.89212,9.61923,22.73197,31.00492,35.00799,0
42.25869,19.05868,21.21101,47.80234,18.12569,28.33097,30.92598,41.87163,48.30035,0
47.33581,49.68997,41.17068,42.93734,20.99731,0.66097,41.29740,22.02153,1.20862,0
0.13603,47.74086,10.38181,27.83136,45.02089,1.61916,5.84760,20.25716,40.44629,0
18.59665,9.11497,22.52791,31.73913,7.86854,5.22888,25.56193,8.69167,44.12413,0
46.01595,42.32938,18.86857,39.50861,40.01070,31.74691,34.05830,48.88986,25.87694,0
29.99922,17.65165,42.24759,32.86073,35.87255,4.17483,44.17699,36.80637,6.95917,0
44.86252,34.13284,26.29057,30.11101,47.43202,30.17917,13.35141,4.92064,17.39713,0
35.82128,34.64059,1.08895,27.25184,15.36687,44.44726,25.74069,5.87043,39.71917,0
16.23095,32.43411,7.25590,16.59723,21.62369,28.07034,0.22841,2.74087,31.21797,0
2.96102,13.04642,30.23918,47.37830,16.14167,32.67505,3.25356,12.45243,47.88312,0
30.71084,34.62725,21.92492,49.89181,22.91123,10.08468,15.15016,31.97059,23.61880,0
33.13208,24.78245,22.19217,19.47738,14.16765,11.46702,21.06408,30.06913,24.07974,0
39.90733,31.81982,1.28947,42.66507,26.29901,2.40108,15.06928,7.54475,14.01828,0
30.71997,41.84056,30.69087,47.63803,2.10924,7.80558,31.84650,0.64199,38.35349,0
27.51994,27.63051,11.77851,0.56390,33.22351,25.23414,15.74243,37.54489,18.62648,0
0.17031,45.19582,31.10475,15.55394,35.26730,6.95444,27.52441,11.15347,6.64350,0
28.48732,7.86067,39.25804,28.38424,32.18999,17.34066,49.15468,15.69845,7.31914,0
1.23383,42.32023,19.36121,21.48804,11.91774,17.01731,38.03764,11.64887,32.07297,0
28.85476,13.69518,49.48956,22.92977,9.45540,1.07070,7.97505,5.48935,15.64221,0
11.90763,33.06788,14.66379,28.15973,44.46087,31.84207,16.78527,41.03359,1.49649,0
16.11432,15.22922,45.99385,18.09361,1.87809,10.57272,31.32247,37.99488,22.58840,0
2.24782,7.54401,40.80076,31.93503,31.48232,32.13921,39.06566,11.86438,4.35342,0
47.49531,38.20446,31.73072,22.93967,38.21080,21.39016,39.87064,45.56079,43.12606,0
17.93271,13.52424,2.13455,38.47741,17.57623,6.46747,26.55236,43.17106,47.68933,0
24.22657,39.00677,34.92947,46.49563,24.14854,32.65561,40.93955,10.77108,43.27356,0
36.30574,38.80575,32.09208,11.22774,22.36715,27.06096,42.68468,13.51139,29.28563,0
13.50432,5.79707,4.37942,6.57896,8.14222,43.04546,43.14159,16.42903,9.00926,0
2.01190,21.65916,1.45541,34.13845,2.05725,10.96560,0.64351,40.66040,10.43206,0
2.38818,40.26438,4.64752,10.11306,7.31699,12.75853,12.43566,44.22932,1.58125,0
42.38904,8.83325,46.44406,49.84897,26.63611,34.12016,27.11745,23.65523,12.27996,0
41.96726,28.04751,24.48160,44.25554,17.64388,17.73798,45.46221,25.18484,2.10743,0
28.73535,25.34211,42.25284,33.47517,4.76155,34.85176,43.74494,4.06125,9.80906,0
45.48134,37.22269,48.41959,39.20934,21.46252,6.05065,9.82300,0.42166,46.74121,0
18.69776,17.96488,2.22985,46.05673,48.95458,25.71155,44.91875,20.72633,45.68924,0
39.73676,36.15114,43.72624,41.51397,0.19443,24.34688,41.58680,1.69517,33.79110,0
6.57030,16.22468,45.17560,18.43477,42.39609,42.28680,9.82332,14.19357,37.45128,0
13.39694,7.73146,31.96398,48.36757,45.63895,30.88093,46.77511,9.08820,10.52837,0
30.03687,36.29838,38.16680,45.67452,10.76941,12.22300,36.76359,37.59406,43.66427,0
12.91765,41.58513,47.72861,30.79001,20.64644,37.69410,4.82053,27.65734,43.53979,0
38.79010,29.18962,16.54457,17.87648,14.92147,21.64011,17.40739,45.18041,20.60704,0
31.35746,41.88667,39.39255,8.58988,27.38300,12.33509,17.20468,12.50132,32.07706,0
45.40526,2.00347,5.60533,28.88777,6.54625,17.31197,18.12342,32.10674,17.31496,0
44.43352,4.76129,14.07087,13.78646,31.09727,44.65613,15.38248,15.41503,33.65485,0
3.63740,46.00038,16.78924,18.82796,41.68520,14.53042,39.60282,29.95073,39.61304,0
5.81640,7.90405,4.23126,22.81364,4.27219,13.37686,45.85462,4.77305,30.32918,0
18.70990,36.13064,16.50775,3.50756,36.78226,21.74407,9.04019,3.74596,31.27987,0
47.20457,2.45562,2.11478,27.15710,33.13935,16.65160,36.05342,5.62247,28.11898,0
18.43472,8.57947,31.18185,27.77038,2.62107,2.34794,43.81221,32.21663,44.40103,0
34.29451,2.27006,23.08425,7.83414,22.62109,36.96348,24.69975,16.56159,25.54955,0
46.25950,7.72947,20.41423,29.53974,0.73873,21.19952,32.16161,8.23697,2.80977,0
33.22183,40.15738,12.96028,36.96929,2.33233,41.61714,3.11691,43.26819,5.31713,0
41.85471,3.72098,8.76390,35.88435,5.55893,3.32653,15.97547,37.00260,43.38118,0
26.15588,22.34556,16.18323,47.00605,37.08256,11.42300,24.41524,13.81147,8.34591,0
16.38220,33.72280,29.75585,43.13382,37.18170,48.18070,11.12246,26.88137,6.51643,0
21.57991,36.82308,3.91723,42.09377,6.14343,42.68863,39.62613,38.63382,4.75023,0
10.62513,2.93624,16.98695,41.79588,32.64370,7.07075,34.90990,15.69148,33.33785,0
21.71463,2.65204,17.54123,7.23673,9.59347,13.66477,35.95916,9.19926,45.14214,0
0.99127,37.02790,39.32718,40.87624,20.59591,20.74361,20.38251,34.08140,42.84622,0
19.57903,35.45638,36.56907,36.89500,3.59153,32.73665,34.81074,1.25814,26.03030,0
22.24962,12.76556,10.24935,46.13464,10.82805,27.77597,34.15774,42.81208,24.01883,0
18.33902,47.90708,8.90441,14.51240,24.49755,29.15797,20.71844,28.45441,35.77063,0
2.77863,48.56036,33.36339,48.15252,49.76870,49.03495,9.50362,19.02168,42.78200,0
16.10957,37.60049,7.84748,21.67516,26.24207,31.89137,46.80669,36.67992,31.04556,0
11.93468,41.54920,18.32476,21.95139,21.56376,8.73140,17.45143,41.69646,34.74204,0
30.89345,20.73406,23.89243,27.52273,27.19957,25.09357,41.38926,24.35853,37.30336,0
25.82044,0.12517,4.22814,19.04938,42.38951,34.05143,35.30044,48.84490,22.65089,0
28.12523,1.17213,28.27230,9.92846,24.51750,4.11265,21.86047,35.13114,39.54470,0
49.39896,26.22590,49.39210,35.28124,29.84295,1.18414,42.47513,43.47032,14.93711,0
28.34188,6.16254,6.95325,11.11718,19.54607,27.46135,20.34192,16.60031,1.41512,0
29.20011,33.02503,40.23770,35.84516,34.44673,2.11294,9.70387,14.97031,37.03016,0
9.58390,43.84101,5.72942,12.81134,16.42025,49.86712,6.71542,41.80323,36.08266,0
30.86980,34.95306,6.08575,40.08250,6.57608,13.71040,31.18714,17.16275,5.29497,0
47.80750,29.63500,32.55858,49.64322,35.00957,22.47736,41.23687,44.86755,29.27355,0
7.27680,1.07901,32.03188,6.17762,38.56439,39.62103,33.28196,30.28455,34.72815,0
49.76863,2.37881,5.00627,26.20313,34.09444,44.05899,28.35498,26.02609,38.18845,0
4.86393,29.13174,47.68838,8.17053,5.36506,9.83312,23.22469,38.53561,7.17392,0
3.40070,12.11716,35.43531,16.12802,12.51160,14.50028,17.33180,42.74397,7.76674,0
45.15751,13.53447,3.66845,41.15315,30.95468,3.34242,6.51134,43.09446,41.63462,0
28.78548,5.34833,32.74726,31.74792,11.48868,38.66877,36.66960,22.62243,35.52553,0
11.47718,39.49857,36.50651,2.64491,14.20396,43.40507,48.50679,43.76141,24.42774,0
28.59774,39.46447,18.62933,5.30970,31.30889,37.05261,31.40694,15.67828,45.52582,0
12.13861,30.17616,3.86501,18.83973,41.30533,30.40908,9.12378,38.11381,2.88133,0
41.32844,23.37296,20.15931,14.99631,6.46955,43.14091,24.96629,2.81043,26.79076,0
13.05560,34.02046,11.10533,3.49446,11.21446,21.37032,12.29340,45.15069,48.23467,0
32.25462,41.48515,15.19671,40.88132,7.19876,40.03085,48.43702,17.80872,35.25836,0
49.79399,38.47970,14.69364,33.25316,15.94927,41.77957,25.55796,7.33593,35.47782,0
24.63201,32.80377,43.31577,43.10298,3.27579,48.19700,3.60704,3.61876,7.31782,0
21.24428,23.69701,24.77769,47.25715,12.07934,28.51608,43.54498,18.27947,34.64067,0
28.31538,7.75877,35.07981,2.18869,13.42033,10.93698,17.43462,11.16924,34.23443,0
4.99506,9.05671,46.17197,12.10103,5.69424,21.37270,32.62671,12.84051,27.24727,0
20.80935,21.47153,18.63669,14.48679,44.97188,15.47327,33.58968,34.84186,39.23900,0
26.88313,48.00156,24.11647,15.84408,31.97042,5.37022,40.61559,14.20169,46.84428,0
33.51670,29.80711,1.26901,30.05094,47.70391,14.78653,5.20705,18.27264,3.12917,0
5.42170,38.80076,23.12994,29.45901,48.97930,32.11997,5.16607,21.16760,5.33658,0
17.15985,33.21710,1.29507,38.30867,2.21735,19.43038,28.52478,46.25487,29.86870,0
31.44696,11.49060,25.39251,21.26038,18.83445,34.09719,15.77900,9.94956,41.15112,0
34.20495,31.85255,47.87803,16.18282,10.98954,14.95271,21.70988,22.62538,1.03995,0
40.65377,42.78201,33.97155,20.53058,25.73769,6.77210,32.15483,34.99949,26.52734,0
35.69770,20.36782,46.31743,18.04409,36.54461,10.46944,12.66309,10.56441,43.83787,0
9.56861,48.18735,14.55299,42.16284,29.56511,38.45896,0.46338,9.93572,16.22103,0
1.64694,11.88417,2.34507,11.23417,26.28409,22.12932,3.60163,46.87366,3.35045,0
30.96950,44.51798,5.15437,25.39321,11.68747,42.09847,31.96675,3.40773,3.49772,0
4.31652,40.99168,1.80386,10.39316,5.09736,26.07342,24.91264,14.07353,24.27128,0
36.25361,23.48014,26.14958,44.09123,37.36312,5.45503,37.19206,3.11408,20.32050,0
5.55739,41.67022,13.76747,15.85397,43.03929,39.07673,28.15858,37.74035,37.86719,0
24.76695,27.19796,21.02512,20.63704,20.18882,35.39141,8.28543,21.65384,29.64050,0
6.13417,48.49122,45.65812,30.17367,27.79867,39.15402,32.72032,30.63710,6.48605,0
17.07115,28.68408,30.85400,17.47676,33.53088,32.45567,34.12203,40.52583,39.36295,0
17.89161,32.10757,20.25059,36.42422,6.82125,1.28761,23.78154,4.36814,45.57714,0
23.91850,40.93425,31.16842,44.35791,6.44337,45.47563,23.09724,18.91881,16.60143,0
48.63011,32.71101,33.13132,15.58165,30.61839,7.37931,33.75778,4.58218,33.24663,0
18.79082,9.79490,13.27780,28.10407,22.66461,44.39986,14.84381,31.57186,1.42643,0
9.32740,12.94183,9.27175,23.70598,30.25448,43.51356,41.22169,24.49799,11.45418,0
47.15342,17.15479,14.75802,19.86778,28.87456,28.19406,27.67789,15.55247,20.25126,0
0.69829,4.99658,32.61303,44.39780,44.30722,13.13644,13.43850,42.15015,8.98988,0
45.22845,7.35112,9.58771,44.04094,16.92050,6.95676,38.07551,40.31840,14.10469,0
14.30016,1.90677,12.65974,21.71734,41.72158,30.80466,45.23886,38.90490,12.52335,0
14.10886,10.17358,29.16711,33.64817,35.57599,42.28076,8.09856,23.78028,19.63362,0
31.87146,23.36306,9.71909,20.80466,10.86048,14.12534,14.19772,47.32550,47.48684,0
11.45625,33.62648,6.18058,4.64015,32.22179,26.39192,35.43658,5.52873,40.35630,0
1.88244,24.99060,46.98049,30.42457,18.66150,25.96820,41.60011,37.02311,19.49885,0
49.78917,37.95967,22.58566,5.52227,40.75870,15.87137,10.12259,14.02108,46.75217,0
33.08232,46.83534,48.14912,30.30820,35.85770,33.51583,43.62726,37.95374,47.63095,0
29.91481,48.07654,24.74310,37.32499,8.79412,34.24592,31.18993,44.47344,29.10820,0
34.26457,40.86020,22.58374,20.70051,32.64624,42.89825,26.23229,29.67555,20.54462,0
21.12449,30.69443,38.48932,17.15492,40.62408,4.90849,21.36119,16.70600,45.69185,0
42.05521,35.19491,14.86169,15.80032,8.71265,29.00574,42.05452,21.75573,43.78985,0
48.81434,45.68691,34.72645,7.68633,24.84604,40.91552,33.17877,44.37160,27.68737,0
31.27526,28.95583,30.35181,29.02041,27.75481,40.70574,16.02205,17.17219,42.22666,0
35.83101,1.38795,4.24972,23.52803,35.41843,26.88341,15.42610,33.07777,9.62532,0
32.14169,35.26621,45.43906,34.25805,13.39752,13.80898,36.63281,46.48427,45.70587,0
26.22768,33.31612,18.02549,9.41368,15.18220,41.02405,34.41626,37.47104,36.52183,0
36.52035,4.28798,21.01607,23.41056,34.30157,7.75314,31.43449,43.92269,9.07335,0
21.92959,32.19666,49.72516,9.99811,24.90608,45.42952,2.29462,43.18265,30.91715,0
15.03344,9.27478,2.81748,43.25202,31.44236,12.97286,26.79159,23.83684,10.25233,0
11.98250,7.58036,43.85280,43.36323,42.31158,47.69795,19.47794,15.73805,39.90834,0
36.22287,30.96887,4.12022,30.68803,46.39982,8.77799,2.10948,26.56444,31.53045,0
32.51302,17.36367,49.55340,29.05059,0.99061,10.05698,14.84070,15.90133,30.02513,0
20.81013,35.43915,34.99112,35.46183,1.66107,2.22540,23.10386,24.25909,46.48575,0
29.52900,6.94101,0.57156,24.22672,0.49482,8.87220,23.90766,30.71038,24.44781,0
9.32411,42.03655,37.42444,39.84025,25.32182,23.85629,22.63611,14.58699,31.43449,0
7.10240,17.64238,30.27982,3.99369,7.81207,40.30556,28.89347,46.77828,9.17739,0
40.58605,9.61253,32.25177,14.69794,32.80342,29.22573,24.15625,25.12304,9.65121,0
22.81080,10.88219,22.78838,33.98996,44.07225,10.36428,23.90049,48.65566,44.60544,0
36.72032,7.72941,14.98446,9.24999,41.05682,18.52675,7.65149,42.82888,28.84102,0
45.39125,22.28099,3.70684,5.44011,29.86160,11.68143,42.97747,32.92938,17.27620,0
9.07555,36.16419,47.89489,36.69918,1.27434,34.24622,30.14351,48.68998,16.52364,0
29.37135,39.51861,7.31598,9.77559,10.30702,1.04860,28.93262,26.91842,38.97281,0
11.70694,36.45484,21.02276,14.82011,18.38930,20.03539,1.83010,10.80326,48.12434,0
29.50563,26.27793,31.66897,33.35505,16.69912,3.48767,35.09646,40.50519,28.72302,0
5.38949,47.60443,44.15358,1.72150,40.81066,18.22147,7.80633,12.59092,31.49185,0
21.67968,0.28736,48.60854,40.56731,18.40462,32.74720,10.01371,2.95521,30.59833,0
49.33840,28.51275,38.09363,33.22153,47.02162,24.60237,35.79138,21.61059,22.84894,0
32.29097,26.37585,22.23591,38.85913,46.25042,40.87980,49.54736,13.70436,43.56692,0
22.32084,27.88663,48.70858,38.25524,22.99778,27.50321,16.37554,16.51966,40.30165,0
19.77809,44.51356,34.46559,44.19886,15.07312,31.41582,43.14331,45.10175,32.32332,0
12.35202,18.69849,42.89492,40.07625,37.07320,10.84172,12.42273,11.40928,48.92121,0
47.91045,0.84266,24.42413,42.72878,4.10438,37.14570,5.88161,27.65268,47.78694,0
35.03144,36.66837,35.19476,49.53442,8.09642,41.74281,49.12811,32.42279,36.35980,0
34.91839,12.04054,49.99420,10.17574,43.48063,24.17651,7.39765,46.28977,36.75692,0
7.85982,49.12615,15.46522,7.10962,10.17190,36.12453,1.37215,46.50491,25.14690,0
14.00284,6.47790,41.05894,15.27446,13.37598,2.53466,26.22056,34.91144,14.52773,0
20.55782,33.57444,4.30163,22.90552,9.51401,14.70274,38.86675,0.33439,12.23588,0
47.90878,5.86040,23.90749,40.05584,28.37734,31.31877,44.38301,39.17819,32.68364,0
39.52774,14.03591,49.68763,43.42216,41.93513,1.92154,48.33029,19.13317,16.95855,0
20.96526,8.96968,17.84635,38.63790,18.50953,11.09674,9.29804,5.69521,20.34411,0
10.23822,14.26245,8.45274,4.29721,5.82714,3.92807,12.30792,30.75842,12.43421,0
45.30884,2.18510,44.33225,5.14086,1.24232,46.29872,49.31979,10.73020,18.74942,0
36.79559,5.97642,12.25245,18.51488,26.10990,12.65344,2.70304,45.36753,46.67239,0
39.91264,24.47098,44.78775,5.81532,45.07753,21.37481,39.89561,40.75818,27.31641,0
31.01819,23.42990,32.23540,19.22754,16.51373,42.15516,27.04651,29.86634,34.35890,0
23.57497,1.18923,48.38193,17.84343,47.06286,2.31925,29.30284,44.03927,15.07116,0
14.38467,13.70205,37.00854,2.71425,44.02123,36.02687,19.99790,12.50686,26.35340,0
6.47043,22.85675,13.34189,10.98437,7.22199,41.24620,9.65547,46.30847,2.65711,0
45.55672,2.72440,37.71035,39.26471,33.67916,31.96815,41.24709,0.08672,20.00480,0
5.61950,12.67548,45.35043,0.47479,37.70951,17.98048,6.24474,8.99953,19.39481,0
44.73436,10.91553,8.99201,29.00918,11.50673,41.49417,24.09771,34.51777,11.46385,0
30.56008,23.59568,8.74623,16.80233,22.60504,9.19312,37.84040,38.72721,39.38026,0
48.76787,9.50812,19.36483,33.17448,32.88310,5.44953,35.75585,25.84514,17.01757,0
10.02806,24.59464,5.73442,36.45918,5.95953,46.79031,2.42483,4.89503,36.53469,0
49.28947,15.51911,36.59399,3.81449,2.97289,10.23280,0.25059,30.89505,14.72633,0
17.69312,22.09435,28.57514,15.86225,41.63766,3.01483,48.67191,23.04505,26.98651,0
18.98625,10.10061,20.70277,0.75556,12.99140,47.17103,20.88032,28.12245,15.11936,0
15.38249,19.79778,19.21696,37.65656,15.70814,48.72800,14.22134,15.94149,11.22124,0
32.93234,46.96121,28.16569,6.64623,43.16212,26.44091,8.76022,13.02187,30.07256,0
34.45993,44.82526,30.00586,35.31269,8.57702,38.99121,28.02125,37.56379,46.09282,0
32.28863,18.66180,0.94873,40.77129,49.46407,32.30958,20.68261,22.83720,9.31804,0
48.03756,23.05809,4.14717,25.41523,5.02124,46.85808,45.63616,9.64969,8.63019,0
29.30992,34.20372,36.82752,0.08246,18.13011,36.94082,48.17259,0.93709,33.08411,0
35.82363,16.92476,43.29752,41.73304,35.16944,19.63441,28.36481,42.31798,46.52213,0
48.13440,15.96469,47.37929,38.56018,39.30490,14.69512,46.15080,34.53576,12.07121,0
46.67951,27.29245,31.18967,48.75823,21.72872,0.95677,30.14156,25.76964,34.61371,0
20.07377,6.43742,30.25355,27.99459,1.28364,11.37710,1.53802,27.16877,48.85145,0
12.38964,25.03075,31.19049,4.91639,33.39026,18.78646,5.82210,26.38210,38.58767,0
39.76003,43.43716,49.76149,43.31170,48.49032,38.79141,48.11835,6.79850,35.35210,0
7.72475,23.72175,49.60662,1.49724,24.23144,10.00929,22.42113,33.57018,38.27276,0
23.70852,13.86560,5.10856,49.90499,36.55441,38.42049,13.16422,38.77707,0.94831,0
11.92468,5.07068,16.43702,45.81394,26.91589,7.21276,23.99846,8.53811,4.79302,0
11.09674,39.00169,36.34265,31.80039,14.84145,10.30490,31.26974,37.77992,26.46386,0
8.09269,26.84738,6.91818,26.34344,31.37702,33.29453,16.91220,11.56118,22.98104,0
32.68990,21.51954,43.64180,37.09859,2.25415,1.99930,19.55747,6.91509,23.64615,0
23.10242,38.57413,40.32140,42.77123,38.50201,21.75556,49.63073,37.41637,4.89205,0
18.47839,12.67742,20.88481,15.19744,21.95354,16.53420,14.14907,25.37570,26.64253,0
15.71312,39.41700,3.85460,0.49808,44.36347,15.20891,49.39305,18.28239,40.07794,0
5.83212,43.78379,4.73096,38.04266,41.07024,33.76078,41.86846,26.95534,47.63484,0
43.49575,11.76903,13.66831,30.85337,0.42789,17.31597,24.07660,40.77270,14.33230,0
18.95250,41.56385,25.20386,7.00423,27.14476,29.15497,19.57600,35.48958,21.94921,0
0.50213,25.98741,13.37747,33.26522,20.28165,2.41890,24.54098,35.02994,30.37925,0
45.30898,1.40140,4.79845,40.44099,38.54158,10.98195,48.18424,25.90822,48.32272,0
11.61648,49.35433,29.31050,7.72505,5.56275,29.17361,17.58043,39.15859,17.28374,0
16.60237,21.04735,48.06413,47.37197,38.67793,48.26166,23.56048,9.79148,4.22794,0
26.63532,2.00929,27.16026,1.70455,19.83563,26.98785,25.27745,9.04316,38.72637,0
26.58155,21.49626,9.77265,11.94334,41.03791,27.25953,9.15513,13.28646,9.11150,0
15.71956,1.80951,3.84636,41.88367,22.51281,16.74786,34.27186,48.83164,41.98917,0
24.70692,37.81915,31.19031,1.45637,34.29607,10.20305,37.63107,13.93375,3.50959,0
17.02233,49.10683,39.62716,34.13913,16.87925,29.33263,48.13575,48.39757,18.69567,0
32.46912,3.23391,14.72532,13.23292,39.67323,2.45887,49.82991,48.36128,9.31902,0
10.98513,17.49064,12.15328,48.50366,31.24721,2.80916,15.66382,3.86248,11.94048,0
47.54519,20.43005,9.12428,24.41448,29.80470,9.84098,16.32695,49.81660,5.85789,0
46.41183,10.21271,20.88398,44.81727,31.97356,19.45871,39.35582,41.95320,9.25859,0
28.51791,8.12538,27.33512,25.14989,27.21197,41.18390,18.98601,43.27192,14.63667,0
29.83212,43.40290,49.66614,9.28189,0.95594,37.52335,9.60356,33.03323,2.96290,0
45.65708,48.44115,0.47334,23.55471,8.63105,24.60467,29.37789,49.52324,7.17425,0
43.36544,37.59709,26.92402,20.50008,13.89136,10.25110,11.22080,22.35104,2.49648,0
1.58907,9.78578,18.56250,7.63990,24.15745,32.66867,11.48689,34.33942,46.46565,0
15.23937,27.45687,8.96348,22.17271,33.89922,47.98106,36.45288,2.23991,31.32709,0
18.06069,18.25811,1.71335,30.66059,33.66385,30.45797,10.46936,45.75130,15.07002,0
6.07047,25.55666,28.95556,10.43352,22.33987,19.41981,46.27080,46.05463,18.50315,0
43.55255,4.19949,3.03321,41.33869,24.04733,33.07853,33.66750,45.29363,10.10788,0
6.17549,15.39208,23.85995,15.50871,31.40566,40.90102,9.25082,38.04377,40.13310,0
40.27935,18.01184,35.77178,22.52600,24.21557,41.75121,41.61764,37.64621,4.68327,0
7.38533,33.81439,31.60310,12.38057,30.06890,44.09366,20.21448,8.06763,41.36274,0
46.07230,6.57757,30.06824,25.15723,40.56372,2.81117,6.72113,25.65260,42.98966,0
6.08000,41.36003,13.01684,30.80594,37.29906,28.83912,23.94996,1.06757,33.74827,0
45.37121,22.75144,12.55480,44.89051,41.27888,1.50873,6.10529,15.64184,41.22161,0
19.69861,19.62560,47.65074,8.91804,2.28355,18.41177,35.09080,3.88367,15.41089,0
28.93332,18.54827,17.86693,16.10861,10.74114,27.36449,20.41406,46.40026,44.72646,0
20.69233,47.78355,46.31573,32.62728,17.92062,32.16894,17.72532,37.49173,4.07869,0
27.73820,3.83494,9.32029,35.98838,46.46141,41.69840,28.72718,48.58458,35.34534,0
15.52215,24.57885,33.07653,48.53330,45.87464,4.80019,1.41209,39.51651,27.27282,0
43.43253,20.80108,23.68545,48.34635,26.26039,11.13154,41.98435,11.49784,42.79996,0
23.17329,30.34507,40.13235,40.82792,23.24851,41.75195,25.18738,18.76261,20.50435,0
1.55983,16.27229,10.15657,46.93843,10.23038,23.87430,27.43844,22.04980,18.73570,0
33.35450,10.55760,18.27894,35.43765,14.82115,32.23070,39.69186,31.48558,19.09005,0
22.70980,35.20425,0.35775,25.93900,12.16364,29.78010,11.88600,16.23493,10.79566,0
43.72103,39.65611,3.27456,24.09820,37.00662,39.06059,43.77255,9.76408,0.56239,0
11.83883,2.04142,47.11714,0.93192,3.49492,0.44446,34.54740,48.25420,12.35155,0
46.36620,11.65391,15.92479,16.03556,44.81521,45.24232,13.07489,11.89375,1.98851,0
41.37132,26.58589,11.98838,38.14779,27.55882,42.21890,43.95255,23.01603,18.21507,0
35.36358,0.68016,16.14719,49.18368,20.17104,39.56953,25.61151,46.46298,46.63542,0
11.11783,2.16811,39.62933,15.78320,39.20101,22.25279,16.64185,31.98463,48.16429,0
37.92150,16.55218,21.02957,37.23960,11.59483,10.75393,21.63323,11.56500,35.71100,0
6.02852,7.17630,43.17404,25.46401,17.56237,46.96467,8.66367,21.65342,8.51676,0
19.33027,38.29398,12.38693,25.34954,40.30644,14.33869,38.62834,25.22281,21.66628,0
22.61286,42.27304,10.99853,40.52141,44.16611,32.32761,34.60243,4.75755,38.69101,0
31.73513,19.81096,5.11451,49.43525,13.64233,41.34238,23.24306,44.12247,30.63204,0
23.87780,15.28040,27.97082,33.40823,0.39805,44.58699,10.11556,47.97431,27.85329,0
1.07098,6.78431,45.39802,42.79572,8.27811,4.10598,13.88933,26.52421,15.97834,0
1.01565,48.55206,40.36216,30.29743,27.85806,44.03462,45.47556,36.48206,37.75442,0
7.20830,0.17709,3.56094,6.45208,3.54116,13.17409,13.83400,29.58693,41.83018,0
30.99003,46.39847,40.95489,11.76673,37.24048,30.34559,3.08127,1.29552,9.87712,0
24.39225,44.05944,12.19481,18.41725,22.16315,37.62431,4.96955,23.73740,8.54737,0
5.59610,3.18001,24.50353,0.33925,44.82645,16.43708,34.97158,0.04147,42.86163,0
39.75850,27.78874,14.11227,28.15889,10.17015,6.07104,35.97802,48.86567,25.52247,0
31.09442,25.58774,3.19669,47.85804,15.14503,38.36850,47.39793,1.73324,9.89895,0
48.22899,3.51655,24.04935,46.59434,42.29981,46.78527,1.11738,42.63449,39.65660,0
27.52800,11.84324,17.77079,37.01464,29.77917,34.13937,41.99871,14.68567,33.57110,0
14.06627,22.34799,47.12417,17.95168,34.24283,41.36674,44.22806,21.93628,18.35609,0
24.67519,4.96810,22.98290,39.32532,2.20163,12.33807,30.05677,42.23020,1.17149,0
38.36512,27.46729,45.74317,6.60256,5.65426,7.93031,41.12773,19.51058,4.91879,0
41.39488,35.18935,26.06352,18.00759,6.21893,39.18205,48.09667,2.37699,12.92559,0
11.86544,1.68500,22.80751,18.41320,3.06787,22.59923,14.68248,42.84694,15.42046,0
16.23360,40.06133,5.86032,13.24047,2.32436,16.09989,22.41801,12.16715,29.22209,0
7.19851,23.74947,4.24365,11.35525,33.71807,32.17096,44.72127,42.48846,9.00298,0
35.70162,7.31957,9.15948,28.56469,31.32812,43.07427,35.13183,26.78767,22.26135,0
49.55073,19.64071,1.69366,13.78714,24.15470,27.35063,25.20690,16.20155,4.70169,0
12.05827,49.45819,38.35492,6.63654,11.28531,49.01110,36.66604,12.51609,11.72320,0
6.41758,28.46707,10.08704,36.84246,24.24935,26.28935,36.60080,11.93274,28.27222,0
30.10889,30.33987,1.12814,23.66897,46.59519,27.55057,40.36236,1.23660,25.32119,0
5.78444,17.72158,41.49351,16.39522,19.18334,23.66584,13.54349,47.38481,18.10377,0
0.90654,3.84536,29.35751,3.17403,9.31689,44.47719,49.70043,14.57742,45.47625,0
13.71797,43.87587,37.85797,47.04636,23.46668,30.89355,31.91322,40.23232,45.99572,0
9.60941,36.00719,26.86330,11.18689,28.02785,36.58909,34.62721,23.96591,36.74303,0
44.71486,8.39333,43.67908,1.46723,22.53242,27.54912,43.05526,16.11695,43.29455,0
25.21254,27.37237,6.02932,28.69542,39.72219,16.97859,47.39711,44.71857,32.44073,0
38.37248,42.76127,18.22817,24.91326,2.15437,32.33363,21.33802,13.27231,5.56475,0
33.24620,28.25923,29.20760,43.61013,14.27220,49.71773,49.83004,48.15276,0.16117,0
41.15699,36.82660,9.50505,32.79941,44.15825,2.40454,32.76272,30.15891,42.91968,0
32.30598,39.84909,28.27931,25.39944,18.91565,13.55171,41.42625,26.12768,39.70016,0
45.83857,20.79561,5.81093,47.89625,13.83012,13.12446,27.43147,43.20194,29.38498,0
19.52131,1.52639,29.98732,11.94111,17.80930,37.62206,38.67153,9.34876,11.84793,0
5.47294,18.52162,19.48110,0.33510,0.57219,26.44801,36.42141,33.08922,0.97108,0
8.17336,5.69270,1.98194,46.53970,37.73101,13.64288,46.00363,29.77486,30.40432,0
15.67746,42.47086,2.62836,0.62068,39.57827,15.62770,29.04082,15.13850,17.27016,0
40.71456,24.37403,0.97560,49.34512,36.84275,49.00650,21.01093,26.22559,26.61765,0
16.04590,22.53917,19.46460,38.97526,13.07715,25.65588,43.24572,28.62480,18.22610,0
24.10896,22.39162,7.38751,13.58271,38.25826,1.87695,12.76237,41.16086,14.15743,0
22.04478,23.91112,23.45647,36.55892,32.71256,29.63563,37.89267,10.62016,9.47400,0
7.29090,39.36346,21.79580,2.95648,30.49669,39.93954,22.56382,49.44996,48.28280,0
29.31476,37.74822,27.84431,20.59662,35.82530,14.43221,16.15232,31.61107,1.35948,0
47.04763,12.92996,9.88154,31.79835,19.03444,5.06422,17.23198,27.34133,6.12989,0
25.93150,41.19991,47.49951,32.07440,10.86220,19.65213,45.43163,47.95074,3.02460,0
27.56518,28.53763,27.33261,13.10044,41.33854,16.70056,43.32862,7.54235,25.28947,0
27.65946,49.17984,44.98920,38.14435,4.31060,15.13509,21.73426,49.86370,11.26145,0
26.66603,46.36893,21.41027,4.49062,12.32446,3.47811,12.52336,29.86437,6.39873,0
41.51588,47.87996,19.57156,19.69105,44.16355,16.27083,9.32224,40.13629,29.55244,0
39.73341,13.20095,9.71464,5.48362,48.72472,29.38724,7.88851,18.28993,26.43715,0
45.99172,10.62940,9.64454,10.62241,12.63597,34.22573,30.17903,4.46575,38.86004,0
47.60951,37.96348,1.66607,9.91449,32.68978,36.95211,5.31423,22.44917,6.08222,0
33.85590,39.83576,32.16273,46.88951,34.54628,14.70126,41.86378,10.87238,6.37470,0
6.60611,42.88250,4.72710,7.85004,25.41623,7.79418,14.02478,7.37987,36.49015,0
49.64517,21.14559,2.08191,24.33445,34.39233,14.94607,32.30887,30.60951,16.49790,0
6.16240,7.78122,1.83062,0.70023,34.01931,5.55581,26.13642,15.18912,43.94297,0
2.03489,8.93189,5.52702,48.20376,46.31299,8.35015,4.10113,26.24259,11.50496,0
41.98139,29.22983,3.20493,6.51613,30.90896,16.02418,36.04950,6.24463,9.89376,0
47.60927,42.95620,20.82509,44.58899,23.65548,27.71330,40.43635,47.96109,21.21499,0
48.75745,3.26568,6.96634,4.42625,4.65974,12.82011,27.09566,26.99242,40.36671,0
31.26527,22.00026,19.11598,26.65442,16.29313,41.94885,4.04814,18.45810,9.85662,0
31.14223,35.34900,19.91054,42.37951,35.52017,5.13586,11.47161,33.15578,25.81944,0
19.51749,6.03799,47.65795,21.77972,41.46029,39.16889,42.47143,8.33342,30.04067,0
1.63622,13.85038,13.91936,4.60095,36.55431,31.18736,11.76263,32.72598,0.62170,0
4.51473,23.01907,47.10521,3.16258,24.31825,3.20820,19.06760,11.84949,4.74506,0
30.32967,46.17263,9.19810,36.60838,24.63200,48.58077,20.61125,41.02819,7.14172,0
29.75167,8.73975,18.78158,25.05214,39.71147,4.59477,22.73956,33.85252,43.30636,0
9.47907,48.82816,33.24277,34.47630,1.12773,44.50703,8.75429,14.72408,30.33939,0
8.85624,12.37422,40.10369,31.62773,12.95747,41.86607,45.20818,45.64450,4.91911,0
40.28923,22.82253,41.21409,0.50706,47.82910,42.90432,29.45510,14.58644,10.93530,0
25.42022,8.02180,1.72603,6.30940,26.97550,39.22599,35.55032,34.21719,25.26904,0
6.84815,14.98143,46.89754,32.55550,9.63402,38.78651,34.00844,11.72506,21.78298,0
22.18275,15.80771,30.54196,40.90631,21.57127,46.19598,14.53971,2.67859,15.73399,0
49.05373,47.33330,4.75766,33.93918,24.87759,37.92310,13.01238,11.44154,17.23609,0
2.27733,7.73427,1.33666,41.91507,4.74900,40.21746,38.81109,39.80354,38.63611,0
25.13166,37.68088,32.13797,27.37249,16.53493,27.40627,11.39126,11.31673,13.86488,0
48.09616,13.92084,36.79101,7.88312,5.26905,7.02458,12.29386,10.01323,45.41428,0
10.55650,36.94318,36.94985,3.85381,11.29890,13.83785,9.68848,28.57913,44.21246,0
42.98052,45.72188,8.11673,33.63651,11.55519,27.12716,2.78825,40.00757,18.52021,0
43.16156,16.95814,47.91542,1.72796,21.38640,7.10328,7.06409,43.35378,23.22074,1
21.33865,13.87156,44.21540,46.05322,45.27243,12.73063,2.57425,2.47455,13.93275,0
5.49398,13.01243,0.27146,16.58429,13.99853,46.95360,27.28369,33.73764,8.76193,0
44.15755,23.06843,43.12335,0.72100,40.25977,43.01608,35.46402,48.33747,25.10553,0
33.57376,17.75723,3.89016,15.93517,2.14005,11.49021,14.51859,31.19771,8.11720,0
24.97153,16.17516,41.31584,31.12135,37.11486,34.56098,24.68471,4.14176,43.22414,0
15.88567,32.20452,25.85394,30.03456,4.47860,30.93207,5.16430,18.23014,29.21412,0
27.81568,18.61835,14.22432,48.29200,32.91423,16.68968,21.13402,0.86177,24.39657,0
44.71405,32.68856,0.84034,22.86931,23.10117,20.19760,34.48404,47.29139,46.92221,0
39.00248,3.15259,3.36804,40.26387,44.74179,8.05814,16.63414,23.72067,38.64070,0
1.00614,2.05209,16.38359,47.51995,48.87426,16.16880,13.02158,33.30563,46.57995,0
38.02696,8.03543,15.20748,45.87424,6.75903,15.55218,11.59422,20.11294,32.01562,0
45.62154,19.28733,31.66659,26.04070,7.89545,6.70235,26.16432,41.65619,36.19409,0
43.73691,3.29879,44.79536,38.34119,5.32081,34.29819,4.24622,4.53486,0.86784,0
45.43149,40.11022,23.58534,44.67823,36.32554,23.69441,40.56365,21.96611,36.88807,0
14.28971,5.21735,29.25406,46.18290,43.70739,12.61903,21.62025,6.63973,38.89866,0
12.34011,37.94643,6.69405,3.86950,47.60202,37.89051,28.77907,23.72790,32.23005,0
32.12976,14.60332,29.06970,3.15008,3.98727,1.76716,43.16242,30.72583,7.05084,0
1.29647,46.95121,27.63870,9.24758,49.08135,26.29517,28.63293,20.97630,20.75703,0
14.92494,27.59048,27.89991,32.61788,27.90156,11.63078,15.48268,26.74476,9.06427,0
14.86136,39.69629,24.32936,20.53194,46.21159,24.25372,1.32244,11.16295,23.86824,0
20.85405,6.23719,18.74003,45.31405,6.23755,2.90045,38.30418,1.69566,23.52068,0
44.36678,2.97394,17.49638,41.47564,36.23257,1.12178,12.22829,15.88879,49.41350,0
32.69156,28.54097,41.40668,20.41249,38.85697,25.91249,28.16109,44.46776,25.25885,0
25.90841,39.42064,9.48966,20.60973,14.96935,45.51092,47.96621,2.23777,10.44036,0
35.75026,25.98193,10.68949,46.52242,10.62586,40.02051,31.51471,37.50206,47.15674,0
38.42514,42.09467,0.46242,28.68421,25.81282,46.55904,19.06409,5.88716,19.78114,0
42.02566,45.89306,7.39612,13.92814,40.15642,15.52073,36.78915,8.85572,40.52657,0
20.31451,7.99561,10.37561,38.34130,22.48701,30.52491,43.40485,33.00668,12.98758,0
21.14770,8.40244,48.76752,42.80422,41.19580,7.81190,24.68918,0.08225,41.22470,0
14.64384,22.35818,30.54039,21.30433,29.42668,24.23567,47.68631,33.25115,14.93252,1
0.69585,31.11795,11.65540,39.36402,49.86889,36.59850,41.35452,29.39004,28.02301,0
25.75358,2.10927,33.81287,43.86023,27.61555,36.87199,14.92690,11.82463,33.67032,0
4.97581,6.47834,2.80982,26.58564,17.92285,0.42449,44.41110,43.21336,16.11887,0
26.77958,46.77470,35.99487,49.54267,38.87105,23.56792,44.81560,40.88330,44.33602,0
21.21336,48.70369,1.09346,28.05283,47.34016,19.27022,9.85392,25.41743,14.20547,0
15.66317,8.13472,47.88420,2.43658,9.63786,3.24934,6.90102,23.61083,37.00805,0
14.40305,49.48363,7.64078,19.12705,32.34286,16.32391,40.34089,29.31754,10.84677,0
19.24444,11.74739,13.26881,34.21012,15.03132,28.83433,10.35469,11.98410,19.88378,0
27.62915,29.36464,36.69613,14.38704,39.99290,17.32336,16.93164,3.10974,1.68289,0
27.44178,0.05375,18.84934,8.09399,2.54633,27.03074,13.23621,49.60818,19.08077,0
26.05247,1.95191,27.79715,12.73646,46.50375,46.73622,48.27795,33.53568,37.95125,0
26.37090,47.80564,15.69873,31.47719,25.80913,20.33119,9.23976,16.64824,5.96863,0
10.85103,30.31948,23.60503,11.46385,34.63572,49.18629,27.26930,11.78492,15.41517,0
41.38624,44.06220,31.88613,32.17227,35.46494,10.45255,45.55185,5.99422,14.76917,0
48.90836,45.99015,22.97685,39.81714,41.52553,30.61217,45.69545,2.96663,40.83548,0
20.76307,6.22280,45.77077,39.41761,5.04809,34.28034,44.76925,22.51867,45.32020,0
27.14209,42.30106,19.86561,21.71628,37.25186,18.45356,40.11823,26.51222,0.48320,0
16.40565,29.36253,16.22401,14.70553,21.45776,6.29982,48.81868,44.28195,31.30673,0
18.16219,2.92141,11.22430,35.50719,49.78915,30.77527,7.28097,5.12028,30.79847,0
32.18273,9.82523,15.38174,9.34854,28.80080,39.49859,23.12878,10.41285,7.75148,0
42.35129,19.76696,30.57917,21.47918,34.64304,25.32437,19.54060,15.10861,24.58933,0
35.58431,18.86914,34.33974,34.92065,46.66652,23.39631,11.49862,46.82453,3.50570,0
33.00597,16.77323,5.64975,2.64442,39.19544,49.37596,29.81677,35.26488,17.49717,0
19.77566,17.94740,22.63262,37.38612,9.35285,43.45337,19.34452,22.99041,41.88502,0
1.78677,44.71862,30.08057,23.49943,27.85351,43.68400,6.34688,17.58579,45.03482,0
38.98722,43.22801,39.16330,2.18740,6.71930,13.87087,0.08919,19.50166,21.32452,0
42.05505,12.29586,7.72447,18.45036,22.13660,1.06938,42.01615,18.38164,10.83899,0
16.54799,46.14187,21.99095,44.73316,30.03231,4.84360,19.44850,21.56878,12.97893,0
32.15084,31.96737,41.64511,44.14222,27.12727,13.10621,29.76494,45.62505,20.69793,0
42.18326,24.64032,34.67356,4.15873,23.19634,25.22568,39.75145,6.88458,23.37044,0
37.61440,46.94221,26.19207,19.32203,24.48636,9.21678,33.17061,8.73452,48.11307,0
30.40008,47.09733,14.29436,45.40710,29.51984,34.93812,3.19730,29.65920,7.15503,0
38.06593,27.55032,42.76950,26.48340,32.32306,19.86826,24.84241,18.15910,30.33956,0
17.65418,37.65888,2.25541,39.60146,48.98043,21.53522,6.20021,21.51310,49.59111,0
18.70374,14.64757,35.93478,3.81971,19.99138,13.16666,42.33629,41.99336,34.39146,0
43.76756,39.71430,42.45355,4.21540,31.17314,20.67230,7.49013,14.90388,23.87857,0
28.40671,17.18203,18.15995,35.88665,40.17720,36.24903,3.51964,5.63928,2.48680,0
39.85220,39.48494,26.34625,26.09558,31.94323,27.25321,47.35237,40.28751,27.48333,0
44.02477,5.44541,29.10445,9.94731,43.20444,24.45570,1.58467,20.20390,18.67944,0
9.05127,35.82221,38.10402,4.85172,36.49629,35.48843,46.08934,9.13594,30.76570,0
15.34189,7.44076,31.67877,5.11542,8.13669,49.41825,6.67014,34.89174,4.52743,0
30.07025,27.70931,47.71823,11.43018,26.34203,30.92746,4.68947,29.69854,40.75722,0
36.38206,3.49911,11.15376,6.18173,2.09851,47.55116,38.87185,42.02039,7.40019,0
14.53959,22.01242,49.40642,2.58767,24.98284,34.63308,18.42967,19.22995,29.82265,0
49.94318,38.06956,14.56938,2.28535,35.84006,27.95644,3.18756,48.44435,36.34058,0
23.38832,39.00026,35.24618,36.95401,8.93848,46.87821,47.02939,9.31108,9.32838,0
34.20464,6.28717,11.55646,39.72952,39.18144,33.02061,16.93842,38.62151,49.78701,0
6.34865,49.26381,18.47300,41.60900,41.45292,43.32962,45.36939,49.26746,42.92565,0
3.76479,15.19663,47.36353,41.32897,19.68185,3.96653,14.70966,6.63795,43.99908,0
37.30387,26.83271,22.05081,20.24904,1.04616,14.30669,27.05187,42.44701,4.25750,0
0.53707,27.02355,7.25285,19.09727,2.45287,24.89908,15.14845,23.51070,10.59355,0
38.21975,31.05773,6.27727,4.75555,26.87739,18.85079,3.33422,29.80816,22.34206,0
39.37766,37.72982,35.88386,37.80427,26.61180,5.68334,18.59169,42.60551,34.85555,0
6.86223,10.44623,31.25352,9.88346,4.81015,46.02629,33.93351,35.12002,26.55266,0
40.62086,47.42335,25.02693,19.81446,34.17935,23.50834,24.09831,37.77868,33.57176,0
49.69062,13.09561,7.20678,34.54870,32.69579,43.40035,26.97128,16.40231,7.62602,0
26.16237,2.46100,22.17973,19.56152,3.48912,17.95600,19.37164,30.92018,40.27196,0
34.76187,25.79634,23.92631,37.31087,3.17697,39.51789,4.47575,2.04670,28.31489,0
3.82945,36.32912,14.28830,1.55282,6.15373,3.70660,41.08551,21.24959,37.99407,0
41.42071,14.59184,39.52531,31.58081,49.37387,16.15995,45.43942,15.70450,13.44907,0
41.34602,3.19287,15.15643,27.78907,23.51427,44.55573,35.61704,20.97520,47.21710,0
5.21959,21.34601,47.48774,44.56914,40.96708,29.01789,33.44822,42.51120,38.02658,0
49.51363,25.13307,3.79613,40.34773,9.92795,42.63828,29.44705,18.14445,39.68094,0
32.49854,29.02745,46.06970,29.32820,38.77763,41.19101,4.07452,14.55875,14.20422,0
4.96771,27.28131,1.55783,27.55879,17.59690,35.70665,38.83276,36.20346,12.13633,0
10.00595,29.57727,48.13723,10.57845,21.60625,11.48102,42.95791,5.93190,28.73758,0
36.12484,48.51326,25.23897,37.66001,25.34742,9.81802,27.61869,3.97555,47.71134,0
15.02938,33.45635,13.78485,46.58794,27.73830,40.37980,38.19381,42.46550,37.18621,0
2.14220,35.85926,6.91800,48.94694,10.29795,38.39545,23.72107,25.75929,49.59756,0
28.15277,22.38935,40.59669,44.05547,39.03368,45.52366,6.57909,17.20907,43.34259,0
23.06351,43.29915,11.37987,34.39124,4.09022,37.48782,11.83866,44.25706,48.69393,0
18.86105,20.83635,17.89509,16.90244,9.84576,35.32260,35.48699,31.96540,5.23861,0
0.39715,5.88181,2.44126,3.49862,5.72540,3.67379,31.25325,10.61198,36.86194,0
42.61463,11.61648,49.04815,13.46776,44.78915,16.74155,33.21460,7.57949,7.37192,0
19.22032,14.72099,2.95964,20.76874,35.64226,11.43778,16.55832,46.97693,31.85767,0
33.93019,7.12282,49.87062,13.84514,48.61331,24.43508,18.86397,49.07921,36.76002,0
5.97676,40.73190,37.59723,1.76186,4.91580,2.43027,1.58893,37.00955,15.99936,0
14.19179,28.05598,43.18150,25.22398,6.76453,24.24243,31.71934,25.25744,48.06102,0
40.75330,13.28943,23.94951,34.76409,33.44569,21.69206,49.82508,1.18344,12.46838,0
37.24243,39.33268,22.68646,40.70091,21.81356,38.20521,48.34520,24.53089,27.63735,0
9.54088,43.57055,24.09709,6.23974,49.12671,22.59926,31.84590,20.75457,29.35083,0
3.55979,42.99299,11.01280,28.00578,36.93440,37.78699,39.32420,24.03083,40.20998,0
40.73084,12.40594,17.94819,36.84766,2.18902,37.92504,46.49386,20.29572,25.52896,0
5.93850,39.40320,15.01708,27.42806,23.26835,47.69979,45.83266,16.95755,36.59584,0
48.83878,8.85688,32.20285,10.44252,20.29469,4.77668,25.49417,23.39449,44.88036,0
7.88994,25.62434,28.85329,45.97214,45.19562,16.02517,11.42912,48.41150,26.58067,0
38.21857,8.58619,17.28051,48.99858,21.29816,11.56889,35.29352,43.27689,21.00818,0
3.18592,14.01593,10.38082,28.96146,5.47699,40.48545,49.57969,42.08779,4.64703,0
49.01382,31.85151,30.75666,14.07171,11.59234,21.40903,44.39454,13.82417,38.09117,0
19.30709,7.78574,48.54683,20.17228,9.19917,28.94167,1.43228,32.35131,19.93934,0
28.74431,9.60729,28.64531,41.28049,14.22888,26.72414,24.53248,32.68483,48.85758,0
7.94058,48.99082,10.72541,21.88046,19.72984,1.96589,34.67083,47.08554,37.97224,0
2.23312,44.61863,0.09152,46.68147,30.29950,0.21760,6.95208,8.38218,0.13108,0
21.55123,16.37551,0.38644,35.54909,45.72268,28.90577,37.18448,45.31515,37.00496,0
46.46578,47.93030,10.82187,47.81179,49.94239,9.02687,43.01247,37.05569,29.03179,0
8.01726,25.79758,12.07996,33.86833,39.27249,14.51565,44.98835,6.71643,30.36418,0
6.19913,27.01290,38.60673,0.69944,27.71606,47.47403,16.66640,37.68640,14.68772,0
45.39572,1.42950,42.59757,36.87479,41.66295,31.38836,38.08500,35.35109,47.08974,0
21.41549,19.04403,34.11673,42.61951,48.90148,38.94513,14.61260,0.12640,48.54781,0
3.38563,22.69603,23.72594,5.65282,36.46772,13.20725,45.31672,1.61093,34.16299,0
4.19185,19.08486,26.44077,10.72952,23.53780,2.90344,29.35407,46.30279,18.39589,0
44.93893,46.37700,29.83613,15.56081,12.50517,45.16842,26.45850,14.20407,8.48845,0
1.44576,1.87674,13.09343,26.32100,28.19058,4.47784,17.28118,9.25812,23.79704,0
32.16213,29.13038,20.67312,6.85326,44.67540,6.41715,18.13999,47.41565,27.72753,0
16.55180,38.58165,27.43640,3.51112,27.12201,15.57392,21.99064,47.54264,38.66284,0
26.57246,29.06112,7.12061,33.65030,35.54616,32.52003,6.78776,18.32439,30.27039,0
32.24419,44.87236,11.39410,25.21629,13.97799,39.43118,26.14362,29.94610,15.35675,0
23.73880,19.69071,12.79531,25.03426,37.43250,26.25469,4.51792,33.20138,11.00830,0
14.33818,9.59254,35.04216,40.30017,24.69972,42.60618,40.33684,12.04120,6.95713,0
31.13216,21.59562,38.45495,40.03324,43.76713,47.71931,26.01752,10.00729,21.14905,0
5.10139,37.28665,21.79120,38.20430,30.15147,44.66536,37.03949,45.29783,43.20935,0
34.86777,19.94776,29.35498,19.49805,14.58713,21.96354,36.00538,8.69769,21.72272,0
33.48243,48.95191,25.11487,7.85609,41.26125,10.24468,36.80057,11.74776,25.90300,0
5.93342,23.94439,11.92398,23.31176,28.14671,48.90331,18.09733,41.90658,7.97435,0
22.89949,28.36305,5.07748,9.72212,9.66736,1.08683,13.68725,14.14867,23.91583,0
16.80589,47.81514,21.69153,45.78891,3.18534,49.43692,42.56620,26.92105,19.95534,0
43.83505,20.01824,44.42269,42.51627,9.29555,13.05443,28.77551,3.36055,20.26175,0
11.99345,40.43347,15.40511,4.67060,30.47460,33.17820,36.71145,23.91259,42.58668,0
25.25310,47.25877,23.66651,35.96686,31.69993,27.04189,32.70177,7.14732,49.53763,0
41.39736,4.53205,36.78887,43.99746,0.86585,9.90901,36.90206,12.10311,5.71225,0
26.55760,48.06275,46.70226,7.28712,42.43433,20.03034,35.95763,48.63454,14.60632,0
23.68022,25.13521,39.72488,42.58502,31.64374,43.61197,47.51764,30.50684,11.89143,0
44.06080,30.67374,24.50207,33.21446,39.08908,35.20280,25.35866,21.55806,34.35424,0
29.89988,25.47872,29.86577,27.75523,4.89129,38.93565,5.28993,0.00307,34.93181,0
28.30881,48.57968,13.62408,24.92581,2.58718,39.89487,28.30683,27.48793,21.84574,0
40.26312,32.75761,8.90766,14.11861,42.46082,47.83365,47.27908,24.46411,26.19650,0
42.54383,3.85069,8.23247,30.62122,34.27827,42.18698,46.02910,33.54338,5.79264,0
26.41544,28.72454,34.17452,4.80920,9.02403,25.46541,21.57165,22.08672,24.28293,0
23.76850,41.55433,35.69107,13.94383,20.98819,12.56194,5.84070,43.01635,2.74356,0
39.98102,37.67009,36.73702,11.69530,47.86916,13.69307,29.88022,11.51077,9.46765,0
39.89905,45.44539,31.35231,46.92476,33.76890,4.17528,34.97804,6.86935,13.74769,0
41.84779,9.69412,22.25430,49.34897,48.75639,41.73953,15.25805,36.09797,21.56485,0
14.10260,19.82256,8.65041,7.02650,16.41449,1.30512,25.50207,36.91124,26.19768,0
9.88580,39.09973,37.69189,33.01813,1.51866,35.31432,2.57787,37.07349,32.46667,0
37.08136,48.73329,4.10399,23.58548,44.35668,0.58566,31.31455,32.07759,21.03049,0
24.51110,10.25665,37.32565,18.47770,18.23319,20.89462,49.24033,34.05947,44.54262,0
23.48556,12.60684,27.49080,28.77736,7.21371,17.51234,0.06152,47.05022,13.51267,0
15.44369,36.50359,49.29193,45.88801,38.52268,25.09740,30.16570,28.05687,16.10486,0
7.91578,6.01496,15.02609,24.97761,4.67510,19.93465,24.46895,1.23575,6.25657,0
37.73265,16.32178,41.59029,7.73314,0.45009,11.50749,24.92540,6.41369,32.01424,0
14.31614,24.41544,34.50603,17.40056,5.91923,47.16088,12.15344,21.48829,0.25993,0
33.19461,19.71524,15.25845,42.42985,23.10714,6.15530,24.87738,28.48676,18.11515,0
37.31752,47.82952,48.08751,10.19618,29.61856,18.28390,19.39539,24.28863,26.89016,0
6.58499,11.11102,14.63292,15.03569,49.97209,47.27254,21.20308,9.65707,2.69323,0
27.94336,49.07880,11.62323,26.04091,24.20780,18.81498,4.60455,48.74978,31.81496,0
21.69639,36.81893,45.21927,20.43064,3.00577,27.83500,30.70767,43.45192,34.39738,0
10.45762,11.42360,26.95922,0.46646,31.18608,13.09776,8.01474,22.08819,24.87558,0
14.65790,35.54474,0.26228,21.47771,7.48247,44.23569,42.24168,28.20295,10.88158,0
47.01323,44.44095,23.80211,38.70618,30.64612,42.10689,8.35972,29.86750,22.77338,0
36.01792,1.52351,23.83118,39.22116,10.67812,0.02338,5.93259,17.45606,21.43435,0
43.38700,45.65981,32.17780,2.52073,12.12767,45.17328,26.79287,2.08040,27.03352,0
34.82459,25.23800,0.88979,42.50449,10.75765,25.57745,6.18311,17.77046,47.17830,0
44.21415,28.36048,1.44468,3.55035,39.98759,41.29464,20.58351,27.00712,3.66746,0
11.74504,41.26386,17.18033,40.08438,31.37400,14.22934,44.15447,29.20966,18.98527,0
6.76912,11.21004,37.54645,7.63023,30.65892,27.02744,39.75325,28.91298,44.66621,0
44.78428,0.99816,39.53572,4.62100,40.65734,5.65896,46.48691,17.06511,37.99531,0
44.83277,49.11733,32.99702,25.14192,8.79605,46.37030,34.86048,26.13083,28.48986,0
19.23393,11.45886,28.26050,14.33617,46.76440,4.36234,34.78782,22.49941,11.43623,0
15.55981,18.34866,46.15719,11.40516,34.93583,10.89521,32.10592,28.45215,40.37684,0
41.87195,46.60102,48.38467,16.77450,40.62525,7.83259,5.66546,33.78130,36.19668,0
28.49025,5.90658,13.53381,45.10952,36.50207,16.47152,47.30199,36.28385,42.63237,0
14.90723,44.23547,42.47904,11.21054,38.45774,32.10942,30.11881,16.02061,26.32895,0
32.81930,35.37342,4.81026,28.27779,16.07184,43.27340,10.82657,18.85532,8.88371,0
25.59554,41.06467,35.36577,37.07584,49.86842,44.49816,28.50843,44.87104,8.84465,0
11.69344,17.87440,36.20880,36.35962,19.17694,16.30207,35.19558,20.31328,31.78786,0
47.43955,41.26063,2.33251,18.11230,2.89184,39.33879,6.34372,20.07579,14.15176,0
26.23943,12.68159,26.56595,10.20237,46.46801,0.46604,30.86710,22.14098,43.31115,0
10.17658,49.43413,21.55247,14.06522,41.00405,16.83681,23.25209,46.35472,44.55933,0
23.34905,20.06049,4.02692,1.06919,48.07325,12.39732,32.03859,5.97367,39.73369,0
3.17002,27.30517,47.06947,36.63742,6.54911,30.85585,24.66684,48.37457,32.89566,0
37.76972,13.48789,49.44086,33.69649,29.07079,37.15412,25.31877,40.73088,6.13225,0
13.49212,49.62208,17.88504,35.52810,11.85867,9.19280,2.84806,15.17340,47.03028,0
31.68510,48.79583,10.93785,33.22240,43.98281,4.08716,42.02178,40.36498,16.02646,0
14.46696,24.79496,45.87667,34.18886,26.18919,0.44326,28.93268,12.76253,28.78862,0
34.04009,33.94900,31.39897,27.82419,12.96116,23.17290,47.57555,15.18615,40.27448,0
21.65587,4.98346,31.51271,30.06648,44.42521,6.06238,30.63383,7.41017,46.62979,0
14.24872,17.63879,41.01755,35.46062,46.09742,15.96450,20.49051,32.95131,48.99349,0
13.14827,9.90838,38.58034,35.40936,25.90678,34.96363,12.94157,48.89814,42.16022,0
29.38070,5.69454,24.94067,41.06408,5.51939,35.62777,34.84235,36.46356,16.60989,0
26.42587,36.48380,0.96031,4.76955,17.80477,34.96652,24.09391,45.25639,36.58543,0
10.64174,43.37625,31.50739,8.36769,39.81777,18.72675,34.93461,35.07069,26.31123,0
13.02134,16.31959,29.71697,27.81634,34.85254,23.39142,34.78391,3.42104,34.50748,0
39.12848,32.11053,34.96955,43.33010,33.76030,46.42264,35.28134,2.42229,5.13042,0
30.60048,4.37358,37.67718,36.49782,34.40094,9.91170,23.25325,27.62813,2.56080,0
10.08879,29.31979,15.78200,12.82194,22.22770,47.47574,26.47079,40.01550,49.42456,0
18.12996,39.44936,9.07582,35.51388,32.93268,26.42676,19.57579,33.81620,48.70586,0
44.70550,24.27671,7.71257,47.81000,10.52415,42.86116,42.28760,46.15421,9.06772,0
20.83484,34.91469,39.80523,6.29456,1.30601,27.42967,1.42060,9.51891,43.90613,0
49.94367,42.40002,33.54469,33.93745,9.18667,45.73133,35.66527,17.51169,3.65894,0
27.22147,5.38655,6.02119,42.85181,12.23065,10.59961,0.15962,48.69799,1.59895,0
6.91574,39.59146,45.60543,12.66087,41.99675,5.35151,46.76139,24.59238,41.94553,0
48.36678,33.39994,46.98392,9.98477,0.62837,22.09671,1.50927,0.52201,47.10352,0
10.59744,29.71948,22.44574,37.88316,27.95465,23.32842,20.41898,20.07536,0.30512,0
31.58391,9.21358,41.97339,32.61519,29.76371,45.57543,32.89621,27.18293,0.79012,0
2.44112,31.80501,48.95180,19.88710,3.42620,3.19651,2.90034,15.98446,29.39393,0
23.65905,8.15222,10.99899,36.50134,3.91595,3.39469,37.13751,0.72360,2.52184,0
8.72828,46.02514,11.15261,44.18131,42.26114,46.86401,0.65142,19.00065,44.16742,0
40.16025,8.79661,33.37306,25.03511,42.73392,11.79345,34.96582,7.80104,17.56950,0
36.87824,23.63795,23.14461,3.41881,1.28957,3.09109,25.44865,7.07528,36.53050,0
30.62221,23.44408,31.97861,36.45245,47.24235,12.88002,2.81953,39.25952,8.87607,0
38.68289,7.30614,2.70684,38.99849,44.12201,2.72031,14.13355,40.48375,10.25823,0
8.32368,32.06887,49.73235,48.95827,12.13489,34.02130,18.82252,25.00060,48.77788,0
15.58098,4.06993,22.68763,33.72764,18.97557,22.57707,3.34341,39.73255,38.44892,0
0.37634,15.69113,32.52316,8.38346,21.06927,16.51544,32.02364,47.17076,34.74035,0
19.16169,39.88010,4.67240,13.86456,5.75632,20.55213,22.04920,40.29757,11.40416,0
27.87399,19.01767,45.90038,15.83567,11.32099,42.35490,6.45196,21.15215,21.22929,0
45.05676,40.97190,30.12792,2.73221,13.02514,2.90584,25.30839,16.46153,34.97297,0
18.78044,49.09597,10.69962,17.08391,10.58172,38.68584,47.18613,15.38260,31.83738,0
24.23227,10.39573,13.01454,32.61226,6.28292,37.61009,13.98944,45.43498,34.56995,0
20.04149,1.36433,1.89908,5.41081,2.10400,47.82750,26.33113,26.47462,37.47060,0
3.49341,38.64580,30.96902,23.53853,17.88074,33.08502,2.14778,30.33643,34.53972,0
12.44839,48.05914,16.43912,0.05113,30.23346,46.53543,14.48340,19.00346,4.94713,0
47.60020,22.94446,5.38659,48.99253,16.36290,30.53304,40.69461,10.13438,26.82169,0
6.21772,2.43177,2.82406,37.29424,37.72080,26.64069,0.79630,36.71313,43.60813,0
4.63032,3.87412,45.37848,5.67284,49.69795,25.04238,45.89955,32.33590,0.83770,0
8.22198,6.14948,5.37895,16.02876,49.01777,11.23815,31.77825,38.85208,41.48390,0
7.02627,25.94688,18.70420,33.73959,18.57019,35.95628,24.21816,11.68876,2.03803,0
14.38996,39.44235,36.21075,26.79997,46.11851,42.03053,32.20351,0.59131,27.66134,0
40.49223,8.10230,33.10997,11.47861,28.98006,43.63457,1.57254,6.40700,38.72271,0
12.22359,35.43336,31.42059,28.22237,34.60299,31.72172,38.40173,39.51319,42.96484,0
37.38920,38.17657,2.27169,38.65775,4.28538,30.24648,18.26275,38.88754,23.64467,0
13.99738,5.47328,20.04952,12.51450,30.02489,36.23021,25.06605,35.90784,33.09669,0
37.24852,41.07371,1.61673,31.47155,41.81020,5.78670,38.65369,25.89637,14.23864,0
32.91471,26.68556,39.15993,21.71942,15.63119,21.37959,22.00595,19.12879,3.88761,0
1.95830,20.86399,22.02006,48.96568,10.63082,21.09148,9.52001,29.38888,41.89691,0
23.97131,11.69971,7.75056,28.45669,30.38381,28.01307,46.70855,36.06103,23.73096,0
9.07074,19.99899,44.35825,9.04464,10.17938,37.33809,13.83513,24.98473,0.44752,0
20.43101,5.60502,22.24988,32.16721,36.24149,5.91275,33.10258,45.34924,32.27142,0
0.63896,45.73805,2.71203,44.96912,34.75310,8.10410,34.04900,11.15294,20.11530,0
30.75156,32.43214,47.82897,14.20159,45.88976,18.66238,12.46054,47.75397,12.50029,0
21.25789,30.76553,38.15139,4.77943,16.49653,41.19337,23.48849,7.69340,37.49582,0
9.40614,24.29041,22.64674,21.56894,49.12156,14.81758,13.17559,34.59248,4.07672,0
40.35955,16.63444,18.93593,33.39597,3.77048,23.53741,4.03967,1.49398,40.73227,0
43.70824,34.14676,1.50002,11.62258,13.57610,32.06270,10.99989,35.87359,3.62441,0
49.29001,34.69452,39.50403,23.44040,23.66843,18.67483,49.51466,14.68186,8.51335,0
28.13438,14.51708,25.59388,7.13452,46.43727,15.02543,34.62134,21.31823,28.09112,0
35.11278,45.33314,14.81520,0.57761,23.47323,0.59190,39.80239,44.99183,36.58293,0
32.22210,27.55818,29.39096,37.34263,12.66629,7.51060,14.97890,43.14603,44.63817,0
12.06750,31.42404,6.08619,6.48442,15.95586,34.82112,34.28010,36.34680,48.52474,0
22.94078,44.77903,27.86211,25.11899,13.60567,17.67513,13.15932,38.02967,42.99913,0
16.85048,10.30768,30.22811,31.20260,15.44913,27.91945,9.07335,14.03825,47.47397,0
41.26167,14.41674,20.56076,22.59770,24.09774,12.24451,33.83496,6.12557,43.50077,0
7.15418,8.30004,16.40425,11.45125,15.82581,8.19891,1.86210,32.78414,22.11336,0
11.38543,9.54341,19.10034,2.23878,20.82439,3.32902,47.25522,17.03515,47.03988,0
45.00862,19.81943,44.59571,29.48948,6.28753,11.40543,2.34161,46.30088,39.98878,0
5.26187,45.23001,30.56572,9.09764,43.01148,1.88059,36.20534,12.03400,12.43326,0
42.30070,28.67406,23.68016,42.62477,35.41361,3.86983,15.45018,30.62498,39.39074,0
40.57710,20.01564,28.40557,40.54348,49.45223,33.22215,10.34013,0.84677,35.67439,0
36.45356,19.95545,37.74691,1.12376,43.46579,46.78383,6.55167,7.91824,23.86021,0
28.18433,42.71535,27.42227,28.71288,3.66174,3.49328,8.50221,7.65684,24.08152,0
7.21586,36.57790,32.47035,45.60918,42.16335,37.11632,4.97320,21.08404,25.90991,0
22.92044,38.00766,0.72469,27.37473,43.53574,11.10062,48.09709,20.62861,34.33356,0
15.27429,49.15740,31.27882,40.20489,14.66035,35.56753,33.68176,0.48255,42.56791,0
32.76905,29.33555,29.86771,12.86368,41.74546,39.16962,45.58199,7.23508,12.07064,0
34.68271,21.43099,12.76360,18.95979,49.44092,14.50162,46.32935,21.41975,40.91235,0
9.27724,39.51201,18.12747,3.10917,27.02327,41.87938,3.21390,1.27957,42.04345,0
21.47582,48.39551,12.08651,38.69784,10.79605,40.45787,49.34326,36.89818,44.51685,0
18.61891,15.89211,48.13967,29.50997,25.86533,49.95540,35.25562,1.18585,23.53620,0
19.67862,17.33795,4.89329,45.68600,35.46267,26.53219,8.46404,22.82471,5.87555,0
13.24579,49.27679,43.28803,5.48112,18.82657,37.80037,41.53708,48.11258,8.58987,0
11.91308,22.20093,0.81204,48.64356,19.46175,10.38665,6.44005,17.66304,31.59011,0
6.72050,3.70326,27.19655,38.34684,26.04588,26.66949,20.50380,42.73884,7.56176,0
30.36737,34.20753,34.40977,4.26120,7.43481,28.36486,18.46366,28.59127,27.93330,0
30.06650,20.73408,19.86814,37.91260,45.68059,47.71422,43.66185,34.41747,32.57023,0
37.79383,7.55050,34.61651,40.07913,35.70552,19.63433,6.08739,48.49169,42.43888,0
7.15887,1.83486,30.56931,7.65361,26.04619,40.53165,27.77797,28.85580,6.48643,0
37.79335,43.81583,1.67034,12.42673,33.44448,9.77959,18.42852,29.45613,31.33045,0
4.13808,47.38328,27.98688,15.76137,44.09891,44.88741,17.58043,25.71368,33.30775,0
29.09380,10.90766,38.56359,23.65062,15.71389,24.30603,15.61401,47.06761,12.25365,0
47.00818,3.86669,32.99805,36.89106,23.10842,20.34278,25.69721,31.78894,27.38487,0
33.19725,30.13829,17.16953,40.77331,29.43628,37.59728,41.53353,42.67699,15.73134,0
19.24130,2.46878,29.59725,33.08544,23.55204,6.36299,27.50560,26.21299,16.44947,0
26.94068,36.37371,42.22205,39.19751,14.68973,31.49248,33.48768,29.03036,6.59069,0
1.80542,31.73217,34.02441,42.80076,1.17406,49.79125,31.42404,10.11591,23.02578,0
5.96396,1.65199,11.88942,21.16449,26.63340,14.00098,3.98406,30.13806,12.46121,0
8.89305,31.08502,26.87637,35.89574,15.60374,25.45540,39.57754,16.88130,9.88361,0
16.86266,43.61915,4.28958,30.52928,3.39617,46.77799,18.17379,30.75915,15.60970,0
30.31107,16.26116,23.64245,33.47626,37.45097,28.11339,10.19939,47.73855,15.73303,0
26.49239,28.76610,20.21898,39.62760,1.10010,11.65132,35.45509,5.21973,14.22160,0
7.38298,8.33691,11.28898,4.51578,33.34371,10.87326,23.91009,29.62738,20.41090,0
27.18336,40.35566,4.33583,40.94351,31.43035,18.27247,12.98118,36.94524,22.40423,0
37.62215,11.40387,36.47442,20.14968,47.35887,24.72446,41.17951,17.70781,28.69916,0
11.81084,8.74372,20.84809,6.11750,49.76700,39.62886,42.23775,11.85859,48.51860,0
4.13093,29.82563,7.09117,12.27394,16.19073,27.55666,5.05592,44.87170,21.32424,0
22.62068,43.16812,41.74737,0.71250,33.86701,25.50445,48.83354,45.87614,23.83169,0
37.39535,14.05723,22.97672,2.91998,42.58953,38.14999,42.14322,41.36431,41.25882,0
9.96764,31.44602,27.35223,29.36442,30.29614,45.95777,44.12852,21.84435,45.88772,0
25.85846,16.35468,35.96418,46.09512,38.86328,6.15768,16.84070,16.77856,16.36341,0
35.52878,11.98376,29.71993,9.66588,28.59355,15.87030,39.94475,35.51841,35.69403,0
21.39361,10.09564,33.57453,17.19142,47.76525,39.13356,38.67903,40.12888,47.65100,0
48.37660,7.65103,2.63752,37.14216,25.21463,13.75818,9.52774,29.66635,24.26791,0
42.85698,5.99382,39.91611,24.47024,43.74210,31.21153,30.45202,14.09765,31.75824,0
5.06159,20.97799,8.84786,34.90077,43.72370,10.27006,6.47518,3.53633,25.17291,0
44.13749,0.77317,23.69686,28.19967,32.51325,5.34747,37.56368,32.75237,29.00372,0
31.13855,1.12973,46.92325,21.48659,11.76911,16.79423,25.05974,12.90455,37.89513,0
39.44767,20.70714,49.72482,30.29934,35.24233,32.68318,6.71273,46.24402,3.91505,0
41.75952,26.90144,41.17121,12.40650,1.52181,14.31153,3.92172,44.06490,19.09384,0
4.28339,15.75583,23.43397,49.37417,49.83426,36.32387,44.92215,45.11802,43.21752,0
29.32713,44.61040,17.11809,26.96006,33.91447,28.07030,34.08492,26.99264,26.52670,0
21.33729,8.67691,29.34170,45.79341,6.01857,12.58789,43.42911,47.78749,19.03252,0
16.99722,13.84960,45.77847,46.13744,9.54062,44.79089,25.89274,17.30395,32.41535,0
3.03410,10.95282,1.25561,7.36876,45.36355,14.60781,41.41929,11.70251,37.32844,0
14.78946,9.93908,8.13226,18.76842,1.19749,4.08542,5.31224,4.78252,20.43929,0
13.35187,1.91592,2.07823,42.95465,25.36468,31.40199,40.08150,24.82001,36.22473,0
3.02693,13.31268,2.02592,1.85633,43.86863,38.56249,49.84954,3.56579,38.36739,0
1.14138,4.42331,22.32644,41.29122,7.87748,22.97670,11.17392,15.40891,10.10369,0
16.49585,34.62214,39.15817,2.23009,12.07640,29.03630,29.03997,28.52423,45.27006,0
30.80671,13.53707,39.00490,25.64068,8.74231,43.39585,43.00121,42.38597,43.51785,0
3.68649,32.77917,12.32785,23.09009,26.21356,6.51149,9.98664,32.33153,18.66185,0
5.98282,40.05190,8.47799,8.06307,4.74698,15.55137,16.04407,33.44060,21.67778,0
45.24136,4.11484,33.25307,9.90829,37.28265,48.92408,0.88848,22.41352,21.14707,0
15.96565,45.80231,11.20359,10.58001,21.97435,38.90365,43.69725,25.49879,7.31141,0
34.16484,41.62085,31.50262,29.42332,31.71522,15.48101,45.53081,37.50802,24.08337,0
16.01197,37.35516,8.89706,21.60485,5.31030,25.85093,16.14120,48.54910,4.96529,0
14.81800,18.30619,11.54244,5.67105,0.11082,40.85782,46.20710,28.68684,38.31707,0
43.07118,42.80936,45.73518,41.17678,23.06357,26.43707,35.96192,45.69617,6.39386,0
39.72902,29.44008,13.07452,10.04200,40.15237,28.67122,34.65686,8.01554,35.46855,0
18.52737,49.76916,23.19094,19.59879,14.17983,13.10016,26.84629,33.06250,48.03980,0
28.40140,19.24069,29.06839,33.14069,34.25414,11.06818,36.20028,11.53658,0.99798,0
14.55227,6.58701,39.84277,7.15226,3.45168,44.45702,4.15078,29.72194,23.33945,0
27.00787,7.69872,1.45963,3.30371,25.31903,46.40282,6.17347,4.61219,20.44321,0
8.31642,6.40303,1.07124,3.51484,9.97642,2.15918,30.36598,11.93312,8.79626,0
38.06888,39.48529,35.96084,25.27684,6.28370,7.20550,49.64583,30.51683,21.46298,0
11.05982,45.97751,31.63937,29.02561,23.73500,22.21395,3.76192,17.54581,2.48713,0
30.27262,42.04183,18.77950,40.77544,24.17467,18.03168,0.12433,47.09541,43.36876,0
44.41871,2.59673,29.69774,42.12301,31.16492,16.89012,39.04020,24.91830,20.30486,0
27.42266,10.99740,19.47823,22.98587,44.91650,39.67548,14.30506,16.93626,12.42761,0
41.70308,32.42730,49.68560,9.46441,7.79275,30.92521,23.39131,12.62386,32.87996,0
49.53864,20.67490,23.66027,16.03938,35.11084,6.66016,41.89836,9.95560,39.36016,0
13.12186,38.28691,12.27131,36.07824,33.67527,4.48181,6.20201,0.87263,37.68688,0
36.71524,45.38275,1.93495,23.95406,33.07669,39.80955,18.71571,16.52150,41.63662,0
12.91856,10.86687,5.78522,7.85837,8.68766,19.23640,28.30188,0.44601,36.98111,0
17.32465,0.69834,34.59695,24.69995,42.01588,4.16445,46.76360,14.08785,38.45672,0
38.55721,8.13294,24.11434,19.94215,43.97142,36.91276,32.96031,1.23128,23.15412,0
21.70404,34.56776,21.93267,2.88778,22.47883,32.75895,11.70575,25.30637,29.55176,0
21.88274,2.60415,37.91605,10.81193,25.16268,24.24392,45.41967,32.26598,37.32420,0
20.36472,16.44135,5.73530,12.22238,44.31458,32.88756,24.74830,0.81263,19.82901,0
28.97428,47.55109,29.84401,17.58104,43.90850,30.60364,24.11961,4.26076,19.57061,0
31.13943,25.86892,37.76010,28.90129,22.89174,35.28441,42.33916,17.64846,22.68555,0
7.70437,3.43947,41.77122,42.88585,41.42940,30.49332,24.20265,14.27711,44.69902,0
10.36417,30.20755,34.96695,7.90256,20.46131,8.69693,39.12448,18.47389,13.32410,0
17.67777,19.64746,19.87645,16.87038,34.57008,28.54881,27.29193,32.00716,20.34161,0
27.98123,5.49010,47.19390,32.89933,25.53903,17.88633,35.99534,15.97176,13.10176,0
28.23216,40.59912,49.84804,28.85009,5.26896,42.20235,45.63072,7.67635,19.40391,0
42.10811,25.96705,40.53078,42.18956,11.50517,48.22322,38.78090,11.31208,9.11035,0
37.19121,47.74408,43.99195,37.25923,37.89932,7.05173,8.04678,18.55033,30.58991,0
49.68991,41.47280,3.47431,31.28453,4.16414,7.85117,7.60588,13.45045,34.79588,0
26.25805,36.35982,17.63658,2.28027,39.05192,35.22638,11.13175,26.65173,21.53975,0
17.85499,28.27338,39.74703,23.19679,6.89682,38.95733,27.57597,6.05961,47.67300,0
17.67513,19.43668,20.69565,32.63778,35.90920,26.73946,28.41070,25.99198,39.39497,0
19.32436,16.92544,48.18883,1.07174,47.05235,28.60119,45.38940,45.91341,5.80249,0
30.80196,31.62187,40.12374,6.54474,39.22570,14.99493,11.41254,3.85341,42.80645,0
25.93313,42.57581,31.73479,27.80285,2.05923,21.13753,3.33460,43.98180,11.06850,0
11.09212,42.40714,34.53565,24.22666,7.28527,24.64034,36.83190,26.62933,7.85753,0
30.57508,41.65175,49.39679,29.48241,26.43351,10.58623,47.20843,43.39036,12.71799,0
49.01458,26.71331,28.97324,27.19089,37.53664,35.53006,47.68586,13.42253,41.15498,0
32.14112,36.29764,34.07028,38.27418,41.44924,10.87696,11.37582,42.44716,0.95424,0
13.39920,16.99806,17.69770,44.70155,43.34166,20.45471,48.71397,18.65006,35.62187,0
42.67337,39.37488,21.52112,23.76251,40.24572,13.19286,12.85876,27.46070,24.76710,0
0.29443,25.81833,22.67492,16.54118,32.29865,3.08753,23.76812,23.81995,34.17587,0
38.06445,6.98402,0.75699,49.04119,15.56743,48.41699,29.54305,18.90863,20.24741,0
12.52805,47.14938,18.25587,4.45077,24.97112,30.49497,47.80953,1.74066,15.07889,0
28.47121,9.81399,3.49105,15.54182,19.05640,38.40189,35.90250,36.76081,34.95742,0
38.12988,9.00152,40.55518,38.57547,32.55661,39.09845,35.80076,20.36326,34.21263,0
45.19733,7.60819,25.07937,12.06027,16.73659,26.41037,8.54960,44.89988,23.90235,0
11.47875,8.58849,0.73704,37.71064,0.77543,15.73447,2.68830,44.38021,1.88617,0
44.70887,18.75456,19.12782,0.62495,31.20875,13.77702,44.57509,15.99672,4.36562,0
32.37829,1.70071,27.77288,7.83126,9.19954,19.75708,25.17741,31.80361,39.66199,0
26.25407,31.63976,18.38272,29.33116,22.28087,35.46018,40.50309,19.20950,18.38796,0
11.06638,27.11879,7.09358,19.30767,37.60741,14.52934,32.02164,24.86641,21.20727,0
30.74945,18.61782,20.37029,33.96352,25.19336,0.88831,43.62552,40.67598,16.50326,0
0.50414,39.92237,4.11351,47.38627,45.33805,5.29827,42.28091,49.27349,15.81378,0
2.09348,26.49469,35.69393,3.63814,22.77348,48.39546,35.56129,13.12976,4.09634,0
27.62779,9.33322,47.54994,43.81131,19.39639,5.96771,28.99254,13.76555,18.43414,0
1.94401,13.44745,29.81387,17.49742,15.45721,4.20939,23.56288,33.62669,3.97747,0
44.74333,4.13154,14.38632,6.67398,5.89151,41.49329,6.46592,23.28234,45.64482,0
26.75982,47.97218,28.33449,38.99767,20.36043,15.57352,25.72357,22.33980,36.67900,0
15.02932,9.50178,32.36616,3.88361,9.88871,35.12482,20.85267,15.97168,40.25718,0
9.04908,47.34322,21.48164,30.22532,5.66952,46.23372,40.38547,2.55862,8.46820,0
27.50480,37.15567,5.93215,33.63905,43.72526,40.56480,11.36298,23.00641,40.54847,0
45.54270,27.20501,42.05519,34.70461,34.83620,2.27763,11.11679,42.44082,2.64552,0
25.86913,15.43723,32.28308,23.08263,18.35043,48.28173,11.36660,3.99171,29.89986,0
45.08542,38.99808,4.38603,1.61715,19.50691,3.99157,0.17277,40.19780,26.23825,0
47.08202,24.03250,12.02203,32.03829,49.57876,46.07225,11.47361,34.96553,18.08777,0
37.86857,11.93694,0.83904,16.62995,1.43465,30.90589,1.21842,33.71422,21.56735,0
19.16568,8.55814,35.91331,33.92713,16.08151,39.48035,2.90616,30.98212,47.23616,0
32.10887,49.79587,4.16040,21.48672,46.44367,25.73952,36.28569,12.83617,13.46652,0
11.22210,37.79723,47.27824,3.73706,37.73470,40.55699,15.51189,41.68658,17.11186,0
42.52096,35.77939,16.94721,31.96265,6.50721,49.44896,39.99312,20.99425,14.18773,0
14.45864,19.22639,21.74785,23.37142,47.24685,10.36248,13.99182,37.33942,46.28880,0
20.28106,38.01968,0.27270,19.28805,9.44420,19.98678,13.87726,6.65536,0.73815,0
2.21076,23.81944,17.99866,3.10134,15.57240,45.34228,27.62340,23.04290,8.33853,0
36.40057,17.40366,40.85164,32.42668,41.52000,10.00352,1.24600,30.52376,43.25323,0
18.90534,31.11398,44.14090,6.00641,44.61517,4.23255,48.19787,45.62769,37.15585,0
3.52082,39.88121,27.62073,7.30067,18.46477,18.50205,21.13244,43.87518,0.03410,0
29.18706,3.00652,34.59735,20.96492,23.95210,36.00275,39.32926,41.97764,7.04403,0
25.56634,8.68379,21.65618,49.90804,24.25580,21.36594,24.84065,31.72485,8.73682,0
24.71605,25.03071,5.58135,17.95867,35.36549,23.44496,3.56846,49.47148,49.42934,0
17.58087,8.00186,32.29919,24.58909,43.73762,8.56095,31.29931,31.43002,47.33575,0
16.62532,8.36729,20.46235,0.96532,1.48215,11.64474,19.47835,5.72091,49.85802,0
44.77062,13.47734,5.15351,43.83818,39.15365,44.99899,7.21178,38.45870,49.10564,0
7.64145,33.28134,28.34430,15.74838,4.08411,12.33832,5.57286,26.19938,6.18674,0
8.05337,2.58255,3.81394,22.21287,1.49113,21.82602,26.65153,48.10274,9.10219,0
39.42447,30.28595,22.41878,30.35139,28.73710,32.02857,30.51913,17.70433,26.06454,0
31.06634,42.79528,47.13727,43.59171,24.21357,28.54458,47.66296,9.48390,14.15548,0
49.59608,19.41786,25.53171,47.76491,7.40556,3.24868,4.52266,7.59352,44.72577,0
4.86562,28.94721,23.15362,9.90659,3.12928,0.38889,9.85909,38.89583,15.80446,0
1.74232,25.13087,23.89295,22.11267,9.49375,23.24221,36.70446,4.30705,35.31270,0
26.81677,10.94872,28.45630,41.30591,13.30947,0.67816,28.56113,27.92036,45.23886,0
28.26758,20.02937,37.59847,24.52366,3.07081,4.37680,36.19245,35.25175,11.40449,0
32.79765,29.65233,11.66292,6.67490,3.07368,35.34490,20.05661,5.09721,17.13565,0
29.96396,37.34295,48.04990,32.12966,21.78370,20.33977,17.85041,47.33532,47.11917,0
31.09814,14.03616,38.74705,32.75794,6.27065,49.77984,13.28122,32.22277,38.84474,0
46.72447,20.25488,0.00706,11.54748,15.84811,31.75185,16.17372,21.43837,11.58427,0
35.84202,4.15549,1.41428,35.37905,36.41678,43.37703,46.95061,33.69877,22.87598,0
38.57302,45.37729,28.03983,15.86499,28.08135,36.87550,29.27588,26.60258,10.41138,0
2.25477,8.44241,42.91287,8.98326,28.17140,27.03882,30.37374,23.14928,0.30876,0
34.86369,9.32910,2.50779,35.58634,23.38860,40.46906,3.47825,13.83819,36.99109,0
6.22340,49.34218,48.32087,27.76491,1.43809,23.41045,45.56110,44.03786,10.91444,0
9.78703,45.57808,6.55021,20.88264,10.65780,36.05856,25.37106,33.38612,34.96926,0
42.78257,2.50870,23.14669,35.42779,35.42422,41.83826,5.00485,47.93102,36.71833,0
43.51037,13.34168,36.10644,31.45450,17.95575,11.07186,44.64511,43.51702,26.28118,0
2.30951,13.98883,25.31231,25.10888,14.14563,28.04317,40.22815,6.11162,5.98093,0
15.58870,39.61296,29.89042,38.76918,22.31814,16.94268,3.68077,48.12481,2.68479,0
6.71043,4.74724,11.63199,28.77500,42.43622,21.91494,41.09871,39.56235,41.59786,0
10.53473,37.00330,39.08756,13.71103,44.17489,42.05002,34.62716,38.96153,20.11545,0
34.35009,38.53407,24.17704,5.61980,6.12442,22.63366,14.61182,37.35432,34.69830,0
